review_id,review,local_guide_reviews,rating_score,service,meal_type,price_per_person_category,food_score,service_score,atmosphere_score,recommendations_list,date,avg_price_per_person
0,"Adem√°s de que da un vibra de un bar de los 50‚Äôs, las hamburguesas fueron un descubrimiento. En un Madrid donde todos aman las smash, es bonito seguir teniendo un lugar con hamburguesas de verdad (y buenas).",92.0,5.0,,,,5.0,5.0,5.0,[''],2024-09-09,
1,"La hamburguesa de pollo frito estaba muy rica (no me acuerdo de su nombre en la carta) y las patatas que la acompa√±aban tambi√©n estaban muy buenas. El s√°ndwich club estaba un poco seco, pero estaba rico.

Pedimos las berenjenas fritas y estaban muy buenas. El servicio fue muy amable y el local estaba bien, aunque ten√≠a m√∫sica de fondo. No estaba especialmente alta, pero se escuchaba, lo que podr√≠a no gustar a todos. Tienen alg√∫n plato ‚Äúcurioso‚Äù como las albondigas que no tienen mucho de especial. Hay opci√≥n de terraza que se agradece. En general muy bien, no es la primera vez que vengo y volver√©!",35.0,4.0,Com√≠ all√≠,Comida,30-40 ‚Ç¨,4.0,5.0,4.0,[''],2024-08-01,40
2,"Estuve cenando en familia el martes y adem√°s de la excelente atenci√≥n de Fernanda disfrutamos de unas hamburguesas deliciosas y el lugar nos encant√≥, gracias a todo el equipo, lo recomendar√© sin dudas.",2.0,5.0,,,,5.0,5.0,5.0,[''],2024-09-16,
3,"Solo tomamos un verm√∫t y una cerveza. El bar mola, cafeter√≠a sacada de otra √©poca.  Del estilo Nebraska. Ambiente agradable. El personal atento, buen trato. Vimos pasar hamburguesas con muy buena pinta‚Ä¶ volveremos para probarlas.",11.0,3.0,,,,,3.0,3.0,[''],2024-05-01,
4,"Un gofre fr√≠o y tieso 9,20‚Ç¨? Nunca me hab√≠a sentido tan estafada, y 3 batidos y un gofre 29‚Ç¨? Sigo sin dar cr√©dito, iba bastante pero no vuelvo",58.0,1.0,,,,1.0,1.0,2.0,[''],,
5,"Nos ha encantado este lugar, tanto el
Caf√© y la comida estaban muy ricos
La atenci√≥n del personal ha sido excelente tambi√©n",635.0,5.0,Com√≠ all√≠,Otro,10-20 ‚Ç¨,5.0,5.0,5.0,['Gofres'],2024-05-01,20
6,La comida de otro nivel y el servicio de parte de Fernanda excelente. Les recomiendo el mojito cha cha cha para refrescarse. La hamburguesa italiana con mozzarella y pesto de lo mejor que he probado en mi vida. Repetir√© sin dudarlo :),4.0,5.0,Com√≠ all√≠,Comida,10-20 ‚Ç¨,5.0,5.0,5.0,['Hamburguesa Italiana'],2024-08-01,20
7,"Edito la rese√±a anterior, porque he ido m√°s veces y me ha gustado, pero 9‚Ç¨ por un desayuno con esa cantidad rid√≠cula (ver las fotos), y 6‚Ç¨ por un smoothie, me parece ya pasarse. Si hubiesen sido s√∫per agradables pondr√≠a una mejor valoraci√≥n, pero ni eso.
Creo que hay sitios mejores, no merece la pena.",193.0,2.0,Com√≠ all√≠,Brunch,10-20 ‚Ç¨,2.0,3.0,4.0,[''],2024-09-09,20
8,"Viv√≠ en este barrio en los 80 , he vuelto a este emblem√°tico caf√© y me he quedado maravillado por el ambiente , comida su estilo vintage de mi √©poca , la atenci√≥n de Jabiel insuperable! Genuino dominicano encantador y buen profesional! Enhorabuena",4.0,5.0,Com√≠ all√≠,Cena,30-40 ‚Ç¨,4.0,5.0,5.0,['Eggburger'],2024-05-01,40
9,"Ambiente con aire retro, c√°lido y tranquilo para ir en grupo o en pareja. Los nachos est√°n buen√≠simos, la presentaci√≥n es bastante original; y la hamburguesa con el queso crocante te deja sin palabras. Se nota que la carne es de calidad y los precios muy asequibles. El servicio es muy atento.",64.0,5.0,Com√≠ all√≠,Comida,10-20 ‚Ç¨,5.0,5.0,5.0,['Plaza de aparcamiento'],2024-03-01,20
10,"Era la primera vez que √≠bamos y nos encant√≥ TODO.
Tanto el local, que tiene un encanto especial, como la comida, que estaba deliciosa, y el personal, s√∫per atento en todo momento, pero sobre todo Adri√°n que fue quien nos atendi√≥.
Volveremos para probar el resto de la carta.
Enhorabuena!",41.0,5.0,Com√≠ all√≠,Comida,20-30 ‚Ç¨,5.0,5.0,5.0,"['Hamburguesa Completa Con Huevo', 'Hamburguesa Italiana', 'Gofres']",2023-11-01,30
11,"Mi opini√≥n es parcial y referida a mi experiencia con un men√∫ diario en terraza de calle, por lo que no critico otras buenas opiniones sobre el local. En mi caso, mucha tardanza en el servicio, platos mini (con poquita comida), para  los 14‚Ç¨ que cuesta. Y c√≥moda normal sin gran elaboraci√≥n. La macedonia de postre en un ""dedal"" (casi ni cabe la cucharilla de caf√©). Como ejemplo de la escasez, al igual que los otros platos en mini-bol.",23.0,2.0,,,,3.0,2.0,4.0,[''],2024-05-01,
12,Fui por casualidad con unos amigos... me encant√≥!! Las hamburguesas son un espect√°culo y saben hacer de verdad el punto de la carne! Los aros de cebolla y las croquetas de carabinero... hasta luego!!! Qu√© ricas!! El servicio maj√≠simo y simp√°ticos de verdad! Experiencia recomendad√≠sima!,74.0,5.0,Com√≠ all√≠,Cena,20-30 ‚Ç¨,5.0,5.0,5.0,"['Hamburguesa Mexicana', 'Aros de Cebolla', 'Flan de Queso', 'Croquetas', 'Gofre Con Nocilla', 'Gran Burger', 'Hamburguesa Italiana', 'Gofres']",2024-01-01,30
13,"Un cl√°sico en la zona de Chamber√≠.

PROS: las hamburguesas est√°n genial, tienen terraza y tienen platos sabores tambi√©n (que adem√°s est√°n buenos). Los camareros son muy majos y el servicio es r√°pido.

CONS: Han quitado las gyozas, lo que me parece fatal. Por lo dem√°s, guay.",136.0,5.0,,,,,,,[''],2023-10-01,
14,"Mayo, 2024.-
Nah, muy bien, como siempre. No me canso de ir siempre que me apetece una hamburguesa o un buen s√°ndwich. Adem√°s, ahora se est√° genial en la terraza y los camareros siguen siendo de lo m√°s majo que hay en la zona... ü§ó

Las hamburguesas est√°n buen√≠simas y los postres son caseros. La m√∫sica de ambiente es maravillosa.
Recomendaci√≥n: Cheeseburguer (pero con el queso normal en vez de en teja)",445.0,5.0,,,,4.0,5.0,4.0,[''],2024-05-01,
15,"La comida me result√≥ bastante mala. Los canelones parec√≠an de cart√≥n. La carne del interior ten√≠a una textura rara.

Adem√°s el espacio no era muy c√≥modo. Los manteles de tela de las mesas se pegaban a tu ropa y a la m√≠nima que te mov√≠as pod√≠as llev√°rtelo. Las mesas tambi√©n son enanas... No es muy c√≥modo, la verdad.",102.0,1.0,Com√≠ all√≠,Comida,10-20 ‚Ç¨,1.0,4.0,1.0,[''],2024-08-01,20
16,"El lugar est√° ambientado tanto para ir con la pareja, los amigos o la familia, la m√∫sica buena y la comida tiene un sabor original y propio. La hamburguesa italiana altamemte recomendable y la tarta de lim√≥n est√° que se sale. Encima la atenci√≥n al p√∫blico que he visto es de 10, en nuestro caso nos atendi√≥ Fernanda y adem√°s de atenta supo recomendarnos. Muy contentos con el sitio",5.0,5.0,Com√≠ all√≠,Cena,20-30 ‚Ç¨,5.0,5.0,5.0,['Hamburguesa Italiana'],2024-08-01,30
17,"Nos ha encantado! Muy buena comida, amplia oferta, precios justos y local especial de √©poca. Las hamburguesas brutales! Me quedo con ganas de volver a probar m√°s cosas. Estupendo tambi√©n el men√∫ diario",35.0,5.0,Com√≠ all√≠,Comida,10-20 ‚Ç¨,,,,"['Grandburguer HD', 'Hamburger']",2024-07-01,20
18,"Entramos con el local practicamente vacio.
Seg√∫n nos sentamos a mirar la carta ya teniamos encima a la camarera, con cara de pocos amigos, preguntando ""que vamos a tomar""
Viene al rato. Molesta si le preguntamos sobre la carta. Toma nota a mi acompa√±ante y pregunta ""si solo va a ser eso"" Nos levantamos y nos fuimos.
No pretendo que me den un servicio especial. Pero para que te traten como si molestaras, prefiero irme a otro sitio. Nadie tiene la culpa de que la camarera tenga un mal d√≠a u odie su trabajo",34.0,2.0,,,,3.0,1.0,4.0,[''],,
19,"Ten√≠a cierta reticencia a entrar, ya que es una cafeter√≠a de los a√±os 60-70 que sigue igual que entonces, pero con camareros mas j√≥venes, amables y guapos, que los que hab√≠a por aquel entonces.
Una vez dentro, he comprobado que efectivamente conserva aquel ambiente en la decoraci√≥n y mobiliario. El publico, era de familias  y gente joven en general.
Se acab√≥ esa cafeter√≠a aburrida de las tardes con un caf√© compartido por parejitas, que ahorraban para comprarse el pisito y los muebles, matrimonios mayores del barrio y se√±oras amas de casa que alternaban por las tardes con vecinas o amigas y consum√≠an manzanilla, caf√©s y chocolate con churros.

La comida, abundante, y las hamburguesas eran contundentes y bien preparadas. Aunque la carne se puede mejorar.

Me ha vuelto al pasado estar all√≠ hoy,  y que curioso, me he sentido c√≥moda, como en casa.",80.0,3.0,,,,2.0,5.0,3.0,[''],2023-11-01,
20,"Siguiendo recomendaciones decid√≠ visitar hoy Domingo el lugar.
Lo recomiendo 100%.

‚Ä¢Burrata con puerros
‚Ä¢Hamburguesa italiana (con mozzarella rebozada)
‚Ä¢Aperol Spritz y Pisco Sour preparados por Miguel.

No pudimos hacer mejor mezcla. Todo espectacular.

Atenci√≥n de 10 por parte del equipo, Luis y Brenda  amables, eficientes y muy profesionales.",33.0,5.0,Com√≠ all√≠,Cena,20-30 ‚Ç¨,5.0,5.0,5.0,"['S√°ndwich de Pollo Frito', 'Hamburguesa Completa Con Huevo', 'Hamburguesa Con Huevo', 'Tarta de Manzana', 'Gran Burger', 'Hamburguesa Italiana', 'Hamburguesa Americana', 'Tataki de At√∫n']",2024-01-01,30
21,"Un lugar t√≠pico de Madrid con un toque moderno. El lugar es agradable y est√° muy cuidado a pesar de tener casi 60 a√±os. La comida est√° muy buena, aunque el precio es algo elevado (por eso solo 4 estrellas). Tiene mucha variedad en la carta. Fuimos a desayunar y todo estaba muy rico. Lo mejor es el trato de los camareros, muy atentos, agradables y sonrientes durante todo el tiempo.",13.0,4.0,,,,,,,[''],2022-01-01,
22,"Una agradable sorpresa! La hamburguesa estaba muy rica, en mi opini√≥n, de las mejores que prob√© en madrid. Adem√°s la cuenta tambi√©n fue una sorpresa ya que lo precios son bastante accesibles.",241.0,5.0,,,,,,,[''],2023-01-01,
23,"Lugar cl√°sico, con encanto.
Buen ambiente y personal simp√°tico.
Las hamburguesas son cl√°sicas pero contundentes, buena calidad y buen producto.
La experiencia completa; lugar, servicio y comida hace que le demos un 5.
Para volver!",120.0,5.0,,,,,,,[''],2023-01-01,
24,"El ambiente es muy bueno, el local es precioso y tiene un toque muy especial.
Todos los camareros son super amables, sonrientes y la atenci√≥n es espectacular.
Super recomendable calidad precio y os invito a probar la limonada! Super deliciosa üòãü•õüçã
Muchas gracias! Volver√©",38.0,5.0,Com√≠ all√≠,Otro,1-10 ‚Ç¨,5.0,5.0,5.0,[''],2024-03-01,10
25,"Cafeter√≠a emblem√°tica madrile√±a abierta por los Hermanos D√≠ez en 1962. Cerr√≥ y se la qued√≥ el Grupo La Musa, manteniendo su aire a√±os 70 y su carta de cafeter√≠a tradicional. Ya hab√≠a ido en otras ocasiones. Entonces pedimos croquetas y las hamburguesas con pan de cerveza, estupendas.
Ahora (diciembre 2022) cenamos burger üçî italiana con mozzarella empanada, carne deliciosa y tomates üçÖ asados con mayo de trufa. Tambi√©n un buen√≠simo s√°ndwich ü•™ Club con su bacon ü•ì, pollo, lechuga ü•¨‚Ä¶
Y un s√°ndwich ü•™ de pollo empanado con queso muy original al estar sobre pan blanco sin tostar. Muy amable el servicio y √°gil.
Precio: 44‚Ç¨ con bebida, tres personas.",894.0,5.0,Com√≠ all√≠,Cena,10-20 ‚Ç¨,5.0,4.0,5.0,"['S√°ndwich de Pollo Frito', 'Hamburguesa Francesa']",2024-04-01,20
26,"EXCELENTE
El templo de Madrid.
Un lugar excelente, comida rica rica, fresco todo, las hamburguesas te llevan al cielo literal, los c√≥cteles son nivel Diossssssss.
El Staff son s√∫per amables y profesionales, amables y simp√°ticos , es uno de mis lugares preferidos del mundo en Madrid.
Una menci√≥n especial para Maxi, Ester y Will son unos capos!!!!
1000% recomendables",9.0,5.0,,,,,,,[''],2023-01-01,
27,"Buen local con terraza. Las hamburguesas est√°n bastante bien y dejan el punto adecuado seg√∫n le indicas. Los postres, como la tarta de manzana y el brownie, estaban muy buenos.",612.0,4.0,,,,,,,[''],2021-01-01,
28,"Hemos disfrutado de una comida en familia. El servicio es excelente! Los camareros/as son s√∫per atentos y agradables. Comimos men√∫ del d√≠a y nos encant√≥. Platos caseros muy ricos.
¬°Volveremos a probar sus hamburguesas!",9.0,5.0,Com√≠ all√≠,Comida,10-20 ‚Ç¨,5.0,5.0,5.0,[''],2024-07-01,20
29,"WoW! Este establecimiento es de los m√°s especiales de todo Madrid!!! Debe su nombre a los propietarios fundadores Hermanos D√≠ez (HD)

Situado en la calle de Guzm√°n el Bueno en el barrio de Arg√ºelles, pertenece al grupo ""La Musa"": Limbo, Ojal√°, Run Run Run, La Musa (casi nada, es un grupo muy potente), pero este es especial. Es especial porque han conservado un bar cl√°sico fundado en 1962 con la decoraci√≥n de la √©poca (suelos, madera, la barra, paredes y hasta una tele echando pel√≠culas antiguas, ..., parece todo salido de Cu√©ntame), pero vitaminado, m√°s bien con esteroides, anabolizantes, ...

Con una sola rese√±a no es suficiente, el pincho de tortilla magn√≠fico (8,5/10), pero es que deben poner una de las mejores hamburguesas (gourmet) de todo Madrid, desayunos de tipo americano, tortitas, gofres, postres, men√∫ del d√≠a, etc ...

Si te puedes sentar en el sill√≥n como yo delante de los antiguos ventanales, observando el ajetreo del establecimiento, con los ventiladores de techo abanic√°ndote y escuchando la preciosa m√∫sica pop espa√±ola, es una experiencia muy recomendable! Me quedar√≠a aqu√≠ horas, ...",978.0,5.0,,,,,,,[''],2023-01-01,
30,"Buena atenci√≥n por parte del personal, nos han sentado r√°pido, la comida la han tra√≠do r√°pido tambi√©n. Los nachos de entrantes est√°n buenos, y la hamburguesa americana tambi√©n est√° rica, las patatas muy crujientes tambi√©n. De precio 25 euros por persona, recomendable comer en la terraza",324.0,5.0,,,,,,,[''],2022-01-01,
31,"El servicio encabezado por el encargado machista y edadista es impresemtable, objeto de reclamacion ante Consumo.
Mal trato , chuleria , selecciona a los clientes a los que quiere atender y decide el orden en que los atiende.
No volver√©.
Falta de profesionalidad y de educaci√≥n.",59.0,1.0,,,,3.0,1.0,2.0,[''],2024-09-16,
32,"Un sitio muy top, hab√≠a probado las hamburguesas y est√°n deliciosas, hoy cambi√© a un s√°ndwich de pollo que no estuvo tan bueno pero en su mayor√≠a toda la carta est√° muy buena por eso le pongo un 5. Es un restaurante del grupo La Musa as√≠ que normalmente todo lo que hacen est√° muy bien, este restaurante ya tiene bastante tiempo y siguen brindando buena calidad y eso es de agradecer.",46.0,4.0,Com√≠ all√≠,Comida,20-30 ‚Ç¨,5.0,5.0,4.0,"['Cheesecake', 'Cheesburguer']",2023-10-01,30
33,"Excelente sitio para comer, precios asequibles, buen ambiente, excelente atenci√≥n",32.0,5.0,Com√≠ all√≠,Cena,10-20 ‚Ç¨,5.0,5.0,5.0,[''],2024-05-01,20
34,"Muy buen lugar, todo como parado el tiempo en los a√±os 60 o 70.. muy amables. Calidad muy buenas, los aros de cebolla muy bien y los nachos una salsa con mucho sabor en boca. Las hamburguesas todos muy bien logradas. Un lugar recomendable. Las mesas y sillas algo estrechas, las sillas para alguien como yo algo gordito, estaban incomodas. Volveremos",80.0,4.0,,,,,,,[''],2020-01-01,
35,"Cafeter√≠a en la calle Gaztambide del grupo la musa.

He ido varias veces ya, y la peor fue la del men√∫ de medio d√≠a. Fuimos a las 15.10, y ya no le quedaba de nada en el men√∫. Solo una opci√≥n de cada plato, y por tanto tuvimos que pedir de carta.

Salvo por eso, la comida muy bien, de ah√≠ mis 4 y no 5 estrellas. La hamburguesa francesa con foie muy buena y la ensalada de burrata tambi√©n. La tarta de manzana fina, es un espect√°culo.

Otra cosa a tener en cuenta es lo peque√±o de las mesas y los espacios, que para comida comida, se hacen inc√≥modos.

Las meriendas muy bien.",436.0,4.0,,,,,,,[''],2022-01-01,
36,"He ido al local varias veces pero esta vez fuimos solo a tomar el postre. Como siempre estaba lleno, la comida tiene buena calidad y es abundante. Recomendada la tarta de manzana con helado, el pie de lim√≥n quiz√° un poco m√°s √°cido pero muy bueno tambi√©n.
Volveremos la pr√≥xima a comer sus hamburguesas y s√°ndwiches.",27.0,5.0,,,,,,,[''],2023-01-01,
37,"El futuro de bares, restaurantes, cafeter√≠as y establecimientos del ramo solamente permite dos posibilidades. Una de ellas es el cierre en el caso de no conseguir una abundante y habitual clientela. Si, por el contrario, el negocio se hace popular y los parroquianos acuden en masa, entonces la calidad del servicio empeora y el ambiente se deteriora, el condumio pierde calidad y las instalaciones precisan renovaciones, que a menudo afean el local o, al menos, rebajan sus encantos. Es la ley de la entrop√≠a hostelera, casi tan inexorable como la de la termodin√°mica. Esta cafeter√≠a ha pasado a encontrarse plenamente en esta segunda situaci√≥n. La √∫ltima vez que entr√© en ella para tomarme un caf√© bien podr√≠a ser la √∫ltima. Tardaron lo suyo en percatarse de que yo no era una columna o un mueble. Finalmente, me adjudicaron una de las varias mesas libres y me prohibieron ocupar otras. Debo proclamar que en este establecimiento hostelero han batido el r√©cord de cercan√≠a entre mesas: menos de 25 cm de separaci√≥n entre la m√≠a y cualquiera de las dos contiguas. Excepto en el metro, nunca hab√≠a estado tan cerca de gente que no conoc√≠a. Si por lo menos los camareros nos hubieran presentado, habr√≠a sido menos embarazoso. Yo es que soy t√≠mido y poco propenso al cotilleo al que puede dar pie o√≠r n√≠tidamente las conversaciones ajenas. Pasaron unos diez minutos hasta que tuve delante una simple taza de caf√©. A todo esto, el estr√©pito que produc√≠an las numerosas cuchipandas que me rodeaban, obligaba a toda la concurrencia a levantar continuamente un poquito m√°s la voz, deduzco que para hacer posible el di√°logo. Por all√≠ pululaban lo menos media docena de camareros, que a m√≠ me hicieron poco caso, lo cual es comprensible por diversas razones, pero uno no termina de resignarse a la invisibilidad. La polifon√≠a estridente de voces humanas se completaba con los sonidos del bajo de los temas musicales que deb√≠an estar sonando simult√°neamente. Un olor penetrante a humedad de bodega era parte insoslayable de la experiencia sensorial. Seg√∫n se incorporaban nuevos grupos de alegres consumidores, la algarab√≠a se cargaba de decibelios y se me hac√≠a tarea ardua no s√≥lo la lectura, sino incluso el pensamiento. Acab√© con el caf√© en tres sorbos y escap√© de aquel estruendoso tugurio que una vez fue lugar ameno de sonidos rumorosos, al que dediqu√© una rese√±a encomi√°stica. Maldita termodin√°mica social.",217.0,2.0,,,,,,,[''],2023-01-01,
38,"Fui con mi familia a comer, el trato de los camareros fue estupendo, sobretodo el de Brenda, buenas recomendaciones y muy buenas hamburguesas. Sin duda repiter√©.",24.0,5.0,Com√≠ all√≠,Comida,10-20 ‚Ç¨,5.0,5.0,5.0,"['Aros de Cebolla', 'Hamburguesa Americana']",,20
39,"La calidad del men√∫ del d√≠a ha bajado much√≠simo en los √∫ltimos a√±os, ya no merece la pena. Adem√°s todo excesivamente salado mismo comida destinada m√°s a ni√±os. El ambiente muy bueno y el servicio muy simp√°tico.",18.0,3.0,Com√≠ all√≠,Cena,,2.0,4.0,5.0,[''],2024-09-09,
40,"El martes fui a cenar con mis hijos y la pasamos genial, las croquetas y la ensalada mixta deliciosas, la chica de la barra nos hizo unas limonadas y cafes esquisitos, volvere sin dudas.",1.0,5.0,Com√≠ all√≠,Cena,20-30 ‚Ç¨,5.0,5.0,5.0,[''],2024-09-16,30
41,"El Templo de la Hamburguesas y m√°s......
Cafeter√≠a HD, uno de mis lugares de restauraci√≥n favorita de Madrid, nunca me decepciona, el staff s√∫per amables y profesionales.
La comida rica muy excelente y los precios son acordes y justos, los Gin Tonic y c√≥cteles son buen√≠simos.
El caf√© es un 10.
Amo este sitio, amor que ya dura m√°s de 10 a√±os ‚ô•Ô∏è
Recomendable 100%.",36.0,5.0,,,,,,,[''],2023-01-01,
42,"Una de mis cafeter√≠as favoritas. Me encanta la decoraci√≥n retro divina, los camareros amables, las hamburguesas, los perritos calientes, el mousse de calabaza y la tarta de zanahoria. Es muy acogedor, tambi√©n tiene terraza y proyectan pelis en B/N sin sonido. Me gusta ir a cualquier hora del d√≠a. Muy recomendable!",31.0,5.0,,,,,,,[''],2022-01-01,
43,"Hamburguesas ricas y bien elaboradas, servicio bueno, decoraci√≥n my acertada, precio correcto!! No te olvides que tambi√©n puedes desayunar y esta todo rico.",544.0,4.0,,,,4.0,4.0,3.0,[''],2024-08-01,
44,"""Cafeter√≠a"" con encanto.

Restaurante con amplia variedad de hamburguesas, totalmente recomendable.

Buen servicio y excelente staff.

La √∫nica pega que le pondr√≠a es el tama√±o de las mesas, quiz√°s demasiado poco profundas para dos comensales. Pero por lo dem√°s es un lugar acogedor y totalmente recomendable.",159.0,5.0,,,,,,,[''],2023-01-01,
45,"Acud√≠ para desayunar y todo fue bien. La comida estaba muy buena, cantidades aceptables, calidad de los alimentos buena y una correcta variedad de platos que pedir, con posibilidad incluso de desayuno tipo brunch.
El precio est√°ndar y la atenci√≥n por parte de los camareros fue buena, r√°pidos y simp√°ticos.
Recomiendo reservar ya que por poco nos quedamos sin mesa",499.0,5.0,,,,,,,[''],2021-01-01,
46,"Una de mis cafeter√≠as favoritas en Madrid, de estilo elegante, vintage y cinematogr√°fico.
Tienen una barra con una amplia selecci√≥n de licores y una carta de bebidas y cocktails igual de amplia.
Destaco la sangr√≠a de vino blanco, en mi opini√≥n una de sus especialidades, as√≠ como el perrito caliente y las gyozas.
Tambi√©n tienen bastantes hamburguesas de gran calidad y sabor.
Sitio para repetir.",27.0,5.0,,,,,,,[''],2022-01-01,
47,"El peor desayuno que tuve durante mis 3 d√≠as en Madrid.  Pedimos unos huevos revueltos y nos trajeron huevos secos y muy salados (muy diferentes a los huevos que veo en las fotos del Caf√© en Google y a los huevos revueltos que he probado en otros caf√©s de Madrid).  Se olvidaron de darnos los cubiertos (los tuve que pedir) y tampoco trajeron la mantequilla y la mermelada que vienen incluidas con el pan que compramos.  Mi pan sin gluten vino servido en una bolsa de pl√°stico.  Los churros eran lo √∫nico bueno.  Al final, nos cobraron una cantidad superior a la esperada en el men√∫ y tuve que pedir la correcci√≥n (3 euros de diferencia).",36.0,2.0,,,,,,,[''],2023-01-01,
48,"Actualmente si quer√©is terraza ten√©is que reservar desde la web. Pro lo dem√°s un sitio perfecto para probar cualquiera de sus hamburguesas (vienen sin patatas!!) y entrantes. Nosotros pedimos un par de dobles de cerveza, aros de cebolla para compartir, u√±a chessburger acompa√±ada de patatas y un caf√©. Salimos a 25 euros por cabeza, ni caro ni barato. Muy recomendable",102.0,5.0,,,,,,,[''],2020-01-01,
49,"Buen sitio con terraza (sugiero evitar los lugares cercanos a la parada del bus).
Dentro el sitio es bonito y bien decorado, adem√°s el personal es muy amable.
Ofrece men√∫ pero recomiendo especialmente las hamburguesas, que est√°n entre 11-15‚Ç¨, pero todo lo que probamos estaba rico.",268.0,5.0,,,,,,,[''],2022-01-01,
50,"Primera vez que me como una hamburguesa de verdad, Carlos muy majo.",7.0,5.0,Com√≠ all√≠,Cena,10-20 ‚Ç¨,,,,['Hamburguesa Americana'],2024-09-02,20
51,Una cafeter√≠a con un ambiente agradable.  Iba de ni√±a a desayunar churros.  Ha cambiado de due√±os y de nombre conservando la decoraci√≥n que le da un toque muy vintage. Las tortitas muy esponjosas. Cuenta con terraza.,651.0,5.0,,Otro,10-20 ‚Ç¨,5.0,5.0,5.0,[''],2024-02-01,20
52,"Sencillamente GENIAL.
Comida de 10 y servicio de 11. Uno de los mejores sitios (si no el mejor) para comer una hamburguesa espectacular en Madrid. Carta muy variada y original para no quedarte con hambre. Cuentan tambi√©n con una selecci√≥n de destilados ampl√≠sima y una carta de c√≥cteles cl√°sicos muy prometedora. Recomendable 1000% para cualquier tipo de p√∫blico.",2.0,5.0,,,,,,,[''],2018-01-01,
53,"Muy rico y bien servido. El local es muy bonito, estilo retro. No pasa de moda. Cocina abierta todo el d√≠a. Muy ricas las hamburguesas y s√°ndwiches.",384.0,4.0,,,,,,,[''],2023-01-01,
54,"Hacia medio a√±o que no √≠bamos y fuimos ayer a cenar. Vimos que hab√≠a cambiado la carta. Han quitado opciones de comida internacional y han bajado mucho la calidad. Tomamos un tataki de at√∫n muy escaso de acompa√±amiento y el pescado no parec√≠a fresco. Tambi√©n yuca que la hemos tomado muchas veces acompa√±ando la hamburguesa pero esta vez estaba tiesa, parec√≠an palos de madera frita. La salsa no muy fresca. Para nosotros ha perdido much√≠simo",5.0,2.0,,,,1.0,5.0,4.0,[''],2024-07-01,
55,"Me encanta esta cafeter√≠a, siempre que voy el trato es bueno, los camareros son todos muy majos y serviciales, nos atendieron Carlos y Greter, la comida est√° buen√≠sima y el ambiente es animado. Un sitio de 5.",4.0,5.0,,,,5.0,5.0,5.0,[''],2024-09-02,
56,"Sitio muy agradable,  ambientado a lo retro y con mucho gusto. La comida estaba muy rica y ped√≠ una limonada natural que fue todo un acierto.",32.0,5.0,Com√≠ all√≠,Cena,20-30 ‚Ç¨,4.0,4.0,5.0,[''],2024-08-01,30
57,"Cafeter√≠a t√≠pica de los a√±os 70, con la decoraci√≥n de la √©poca. Nos lo hab√≠an recomendado como las mejores hamburguesas de Madrid y desde luego que estaban incre√≠bles. Pedimos la Eggburguer y ven√≠a con el queso gratinado, una maravilla para los sentidos. De las mejores hamburguesas que hemos probado, sin duda! As√≠ que volveremos.",30.0,5.0,Com√≠ all√≠,Comida,10-20 ‚Ç¨,5.0,4.0,4.0,['Hamburguesa Completa Con Huevo'],2023-11-01,20
58,Muy buena la comida y la atenci√≥n al cliente de 10. Nuestro camarero se llam√≥ Carlos y nos trat√≥ genial. Un sitio para volver,1.0,5.0,Com√≠ all√≠,Cena,10-20 ‚Ç¨,5.0,5.0,5.0,['Hamburguesa Americana'],2024-09-02,20
59,Me gust√≥ mucho el sitio sobretodo por la decoraci√≥n tan diferente y distinta con respecto a lo que hay en el barrio. Adem√°s me consta que son muchas series y pel√≠culas que han utilizado esta cafeter√≠a como escenario para sus rodajes. Conserva su original dise√±o de cafeter√≠a de barrio salpicado de un aire cosmopolita. Hasta el plato de olivas te lo sirven en el t√≠pico platito de aluminio vintage. Calidad-precio buena,372.0,5.0,,,,,,,[''],2022-01-01,
60,"Fuimos a desayunar. La verdad que la carta es muy completa y ofrece muchas opciones tanto de salado, dulce, bebidas‚Ä¶
Yo tom√© un pan de centeno con tomate y aceite y un cappuccino. Todo muy rico, aunque me esperaba un par de tostadas.
El servicio fue r√°pido, salvo en el momento de pagar que tardaron mucho tiempo y terminamos pagando dentro.
Recomendable para venir con grupos grandes.",479.0,4.0,,,,,,,[''],2023-01-01,
61,"Lugar agradable, carta algo justa pero que cumple con todos los gustos. Buena hamburguesa, el s√°ndwich que pedimos nada especial, pero bueno.
La atenci√≥n de las camareras muy buena.
En general muy bien, de repetir.",563.0,4.0,,,,,,,[''],2019-01-01,
62,"Una experiencia inolvidable la nuestra en este sitio. La camarera Rachel nos atendi√≥ de 10, controla much√≠simo la carta y nos recomend√≥ platos muy ricos! Lo recomiendo 100%",24.0,5.0,,,,5.0,5.0,5.0,[''],2024-06-01,
63,"Actualizo rese√±a porque he tenido una mala experiencia con el desayuno.

He visto c√≥mo se manipulaban las porras con las manos a la vez que limpiaba la cocina y se tocaba la cara.

Una l√°stima que haya tenido que verlo porque me he tenido que ir sin desayunar.

Ya no puedo fiarme de lo que sirven aqu√≠.",140.0,2.0,,Desayuno,1-10 ‚Ç¨,2.0,3.0,4.0,[''],2024-05-01,10
64,Es un buen sitio para comer/cenar ‚Äúcomida americana‚Äù. Personalmente no destacar√≠a ninguno de los platos que consumimos. La atenci√≥n fue buena.,232.0,3.0,,,,,,,[''],2023-01-01,
65,Un lugar normal. Un poco lentos y la comida normal. El camarero que nos atendi√≥ fue agradable.,238.0,3.0,,,,,,,[''],2023-01-01,
66,"Hamburguesas buen√≠simas, como siempre. El mil hojas con dulce de leche espectacular y la yuca frita est√° q te mueres. Procura ir con reserva, suelen estar a tope. El trato es muy bueno. El √∫nico pero son las mesas, muy peque√±as.... algo inc√≥modo",427.0,4.0,,,,,,,[''],2018-01-01,
67,"Tortilla muy sosa pero bien de textura, mi novia se pidio unas tortitas con arandanos que estaban bastante buenas. Buen servicio, cafe normal",19.0,4.0,,,,3.0,4.0,4.0,[''],2024-08-01,
68,"Buen local donde ser sirve comida hasta tarde. Tienen una variada carta de hamburguesas, bastante buenas en general. Todas las veces que he ido me han atendido muy bien, por lo que se ha convertido en una opci√≥n de referencia cuando estoy por la zona.",248.0,4.0,,,,,,,[''],2022-01-01,
69,"Brunch sueco
Pedimos este brunch. Las fotos del men√∫ en Google estan mal: el precio ha subido, suponemos que por la crisis (14‚Ç¨/brunch).
De bebidas fr√≠as se pueden elegir refrescos, zumo o t√© helado, lo cual nos decepcion√≥ un poco pues quer√≠amos pedir smoothie de frutas o batido.
Por ello ponemos 4 estrellas en vez de 5: el precio y la bebida.
Por lo dem√°s muy bueno, ponen el bagel muy relleno, con mucho salm√≥n ahumado lo cual no ocurre en todos sitios. Merece la pena y es muy completito.",14.0,4.0,,,,,,,[''],2023-01-01,
70,"Sitio m√≠tico del barrio, con una ambientaci√≥n cl√°sica a√±os 50-60 que sale en muchas series y anuncios que vienen aqu√≠ a rodar de vez en cuando. Su especialidad es la hamburguesa, cuya calidad ha ido variando a lo largo del tiempo. Antes era top 3 de hamburgueser√≠as de Madrid, ahora ha desmejorado un poco (u otros locales han igualado el nivel). Igualmente, merece la pena pasarse a ver el local y tomarse, aunque sea, un caf√©.",130.0,5.0,,Cena,10-20 ‚Ç¨,4.0,5.0,4.0,"['Hamburguesa Completa Con Huevo', 'Hamburguesa Gallega', 'Hamburguesa Americana']",2024-03-01,20
71,"Todo perfecto. La grandburguer, rica; la italiana, espectacular; la milanesa, buena y los aros de cebolla irresistibles!
El servicio excelente xq son maj√≠simos!
La decoraci√≥n reto con m√∫sica actual tiene su punto!",59.0,5.0,,,,5.0,5.0,5.0,[''],2024-06-01,
72,"RECOMENDABLE!
Local vintage, con buena comida y buenos precios. Fui a tomar un brunch, super completo por un precio muy econ√≥mico.
La atenci√≥n es estupenda y aunque en las reservas te indican que solo puedes estar m√°ximo 1h30, si el local est√° vac√≠o no te ponen ning√∫n inconveniente",206.0,4.0,,,,,,,[''],2021-01-01,
73,"Carta sencilla: s√°ndwiches, hamburguesas, ensaladas... No es del otro mundo pero en conjunto est√° bien porque adem√°s la m√∫sica y la decoraci√≥n molan mucho . nosotros pedimos el s√°ndwich Club y el plato vegetariano. Ambos estaban buenos aunque me quedar√≠a con el plato vegetariano. Cantidad suficiente para quedar satisfecho. Camareros amables",190.0,4.0,,,,,,,[''],2021-01-01,
74,Es un sitio al que siempre volvemos. Nos encantan las hamburguesas y el ambiente del local. Muy buen servicio y calidad-precio.,184.0,5.0,Com√≠ all√≠,Comida,10-20 ‚Ç¨,,,,[''],2023-12-01,20
75,"Con todo el dolor de mi coraz√≥n debo suspender este sitio.
Con el aspecto del t√≠pico bar de Madrid (quiz√° algo m√°s fino), y con unas hamburguesas realmente buenas te encuentras otros platos insuficientes.
El poke es escaso por 12 euros y el cilantro (que no se indica) es desproporcionado.
Las gyozas... mejor no entrar en detalles...
La cerveza de la casa muy rica pero cara (m√°s de 4 euros un tercio no merece la pena). Insisto que no es un restaurante de etiqueta, es un bar.
Y finalmente una crema de lim√≥n que sab√≠a a una mezcla entre queso y crema estropeada. Ni rastro de lim√≥n ni de texturas cremosas, totalmente un desacierto. Incomible. No quiero ser grosero pero el aspecto habla por si solo.",105.0,2.0,,,,,,,[''],2021-01-01,
76,"La comida y el servicio de Yadiel fue excelente, recomiendo el lugar para una conversa o un caf√© con amigos.",23.0,5.0,,,,5.0,5.0,5.0,[''],2024-05-01,
77,"Restaurante de estilo vintage, han dejado el local como hace medio siglo.
Tienen 2 turnos para cenar el s√°bado (mejor reservar).
Tienen una gran cantidad de cervezas de muchos estilos distintos, y la carta de la cena es bastante amplia. Yo me ped√≠ una hamburguesa de 180 grs, que seguramente lo tendr√° antes de cocinar; pq despu√©s se queda en poco (estaba muy rica!!!!!).
El postre una tarta de manzana con helado mascarpone (brutal).",974.0,4.0,,,,,,,[''],2020-01-01,
78,"Experiencia inolvidable, trato de 10 sobre todo los dos camareros de noche super majos . Volveremos",1.0,5.0,,,,5.0,5.0,5.0,[''],2024-04-01,
79,Men√∫ calidad precio bueno. Lo mejor el postre casero flan de queso,414.0,4.0,,,,,,,[''],2023-01-01,
80,"Comida y servicio espectacular!!!! S√∫per recomendada las croquetas de carabinero y la eggburguer un acierto total.
Pablo, hendry, Maxi, Antonio y Greter love total.",10.0,5.0,Com√≠ all√≠,Comida,10-20 ‚Ç¨,5.0,5.0,5.0,['Croquetas'],2024-07-01,20
81,"Yadiel, un encanto. Una maravilla y ha tratado muy bien a mi perrito en plena ola de calor le ha tra√≠do ag√ºita dos veces sin tener que pedirlo. Volveremos.",2.0,5.0,,,,,5.0,5.0,[''],2024-09-02,
82,Buena hamburguesa en un ambiente vintage! Machos muy ricos y la cheeseburguer tambi√©n. El postre de cheesecake me fallo el sirope de fresa que le echaron por encima que estaba demasiado dulce!,44.0,5.0,,,,5.0,5.0,5.0,[''],2024-05-01,
83,Se nos est√° yendo ya la olla con los previos en madrid. Sandwich cocacola y te verde 21 pavos. Las patatas las pagas aparte,62.0,3.0,,,,,,,[''],2024-03-01,
84,"Fue una experiencia incre√≠ble, nos encontramos este sitio por casualidad y no podr√≠amos haber elegido uno mejor. El trato de Yadiel fue incre√≠ble, volveremos sin duda",3.0,5.0,Com√≠ all√≠,Otro,10-20 ‚Ç¨,5.0,5.0,5.0,['Cl√°sico'],2024-09-02,20
85,"Hamburgueseria con encanto en pleno barrio.
Para reservar terraza ahora es necesario hacerlo v√≠a web.
El trato por parte de todos los trabajadores siempre es de 10.
La relaci√≥n calidad/precio es correcta; las hamburguesas normales vienen sin patatas (algo a tener en cuenta); pero las world si que las traen incluidas (que por cierto, las patatas est√°n buen√≠simas).
La carta de cervezas tambi√©n es muy amplia.
Os dejo foto de la hamburguesa gallega (buey, lac√≥n, queso san Sim√≥n, ajada, pimientos de Padr√≥n y, en mi caso, sin can√≥nigos pero con huevo) BRUTAL.",152.0,5.0,,,,,,,[''],2021-01-01,
86,"He ido varias veces a comer y a cenar y las hamburguesas est√°n muy ricas, el trato es muy bueno y cercano. En esta √∫ltima ocasi√≥n nos atendi√≥ Jihan y estuvimos comod√≠simos, muy atenta y educada.",2.0,5.0,Com√≠ all√≠,Comida,10-20 ‚Ç¨,5.0,5.0,5.0,[''],2024-05-01,20
87,"muy buena comida, un gran servicio por parte del camarero Carlos, que ha estado atento en todo momento",3.0,5.0,Com√≠ all√≠,Cena,10-20 ‚Ç¨,5.0,5.0,5.0,['Hamburguesa Americana'],2024-09-02,20
88,"La cafeter√≠a despert√≥ mi inter√©s por su dise√±o retro. Fui a cenar y esperaba un lugar tranquilo y acogedor.
El lugar me gust√≥, el servicio bien, la comida ok, lamentablemente la m√∫sica y el bullicio me incomodaron bastante, sonaba techno y a un volumen alto. Quer√≠a ir a cenar no ir a bailar al Voltereta. No me parece que sea la m√∫sica adecuada para cenar tranquila.",8.0,2.0,,,,,,,[''],2024-04-01,
89,"Bien de precio, servicio amable y r√°pido y comida decente. Muy rica la tarta de manzana.",138.0,4.0,,,,,,,[''],2023-01-01,
90,Excelente decoraci√≥n conservando el estilo tardofranquista. Se disfruta mucho recordando tiempos atr√°s y se come francamente bien lo sorprendente es la rapidez con lo que sirven todo. Aconsejable 100%,148.0,5.0,,,,,,,[''],2021-01-01,
91,Un local con una decoraci√≥n muy chula. Las hamburguesas est√°n bien pero no mejores que en muchos otros sitios de Madrid. Los postres normales.,94.0,3.0,,,,,,,[''],2021-01-01,
92,"Una de las pocas cafeter√≠as de estilo sesentero - mucha madera, cuero, luz tenue y una m√∫sica de fondo realmente buena - que se sigue utilizando de decorado para pel√≠culas. Buena selecci√≥n de cervezas y c√≥cteles, cocina impecable (aros de cebolla crujientes, ligeros y nada grasientos). Ideal para un caf√© con leche y tortitas o para picar algo acompa√±ando un negroni.",64.0,4.0,,,,,,,[''],2023-01-01,
93,"¬°INCRE√çBLE! Nos atendieron s√∫per bien y est√° muy bien de precio. El local est√° muy bien decorado y limpio. Da gusto. 2 tortitas, caf√©, zumo natural, bagel y huevos por 15‚Ç¨",100.0,5.0,,,,,,,[''],2022-01-01,
94,"Iba con optimismo ya que tengo aprecio a este sitio, pese a que las √∫ltimas veces que he ido y he llevado a gente, la comida no ha estado nada bien; como por ejemplo un gofre carbonizado que intentaron colarme del rev√©s para no darme cuenta o no acordarse de a√±adir al plato ciertos ingredientes, que luego s√≠ se acordaban de a√±adir a la cuenta‚Ä¶ Pero por lo que veo, no mejora la cosa‚Ä¶

Francamente decepcionante el brunch de este sitio. A parte de haber subido de precio, antes costaba menos de 10‚Ç¨ y ahora 12,50‚Ç¨, las cantidades son realmente escasas para lo que se paga. Cuando nos han tra√≠do el plato, como pod√©is observar con un mont√≥n de espacio, demasiado grande para la cantidad de comida que hay‚Ä¶ y con esas tortitas de un tama√±o tan peque√±o que parec√≠a que nos estaban tomando el pelo‚Ä¶ pues nos hemos llevado una decepci√≥n enorme. Viendo fotos del brunch en otras rese√±as, claramente las tortitas eran m√°s grandes y contundentes que las que nos pusieron a nosotros, por lo que me imagino que se deber√≠a de acabar la masa, o simplemente nos pusieron malamente unas descongeladas o industriales del supermercado‚Ä¶ Sea como sea, eran las 12:00h del mediod√≠a, t√≠pica hora para hacer un brunch‚Ä¶ por lo que la excusa de que quiz√° no quedaban ingredientes no es v√°lida.

De sabor como tal est√° bueno, sobre todo los tomates asados (o mejor dicho, la porci√≥n de tomate, singular), y la tacita de caf√© y el zumo que acompa√±a al brunch, aunque tampoco vienen en demasiada cantidad. Por cierto, la taza grande que sale en la foto es una taza de leche que pedimos con Cola-Cao, no es caf√©.

Este brunch te lo haces en casa por 5 o 6‚Ç¨. Literalmente.

Claramente no volver√©!",47.0,2.0,Com√≠ all√≠,Brunch,,,,,[''],2022-01-01,
95,"Es un buen sitio con buen ambiente y los trabajadores son muy agradables.
Por lo que vimos, la gente viene por sus hamburguesas y gofres. Las hamburguesas est√°n muy buenas, sin embargo los gofres ten√≠an muy buena pinta pero sab√≠an a s√°ndwich total y no ha sido muy agradable para nosotros.
Otra cosa que no nos ha gustado ha sido que pedimos expresamente una mesa y al llegar estaba ocupada. Entendimos que estuviese ocupada por otra persona y pedimos otra mesa que nos pareci√≥ algo m√°s c√≥moda que en la que nos hab√≠an sentado, sin embargo nos dijeron que no nos podr√≠an sentar all√≠ porque la hab√≠a reservado alguien. Despu√©s la que hab√≠amos reservado se qued√≥ libre, pero nos dijeron que no podr√≠amos sentar all√≠ porque vendr√≠a m√°s gente que hab√≠a reservado, en toda nuestra comida no vimos aparecer a la gente de la segunda mesa y nos ha parecido que no se ha tenido en consideraci√≥n nuestra situaci√≥n.
A pesar de todo, no salimos con mala experiencia por el trato cordial y las hamburguesas, por ello pongo 3 estrellas.",80.0,3.0,,,,,,,[''],2022-01-01,
96,"Una de las mejores burgers de Madrid. Buen ambiente, buena m√∫sica de fondo y una carne espectacular. Volver√© sin duda, me he quedado con ganas de probar m√°s tipos de burgers. Le pongo 4 de 5 estrellas porque el servicio fue muy lento, aunque volver√© para comprobar si ha sido algo puntual y modificar mi rating.",82.0,4.0,,,,,,,[''],2017-01-01,
97,"Terraza estupenda con buenas raciones y jarras de cerveza. Me qued√© con ganas de probar las hamburguesas, as√≠ que tendr√© que volver. El servicio de Carlos de 10",53.0,5.0,Com√≠ all√≠,Comida,10-20 ‚Ç¨,5.0,5.0,5.0,"['S√°ndwich de Pollo Frito', 'Croquetas']",2024-05-01,20
98,"Tengo q recomendar este sitio, hemos estado mis amigas y yo tomando y picando algo de comer, tanto calidad como servicio un 12, adem√°s el camarero Yadiel nos ha tratado como si estuvi√©ramos en casa, muy recomendable.",5.0,5.0,,,,5.0,5.0,5.0,[''],2024-07-01,
99,"Sitio para todo: buenas hamburguesas, men√∫ del d√≠a‚Ä¶ Mi sitio favorito para merendar los domingos. Acogedor y con personal amable.",10.0,5.0,Com√≠ all√≠,Otro,10-20 ‚Ç¨,4.0,5.0,5.0,['Brunch Con Baggel Salm√≥n'],2024-01-01,20
100,"Un maravilloso ambiente. Seguido de una amable oferta del camarero para ver si quer√≠amos patatas, batatas o aros de cebolla acompa√±ando a la hamburguesa que hab√≠amos pedido. Acompa√±amiento por el que nos cobrar√≠an sin avisar 2.60‚Ç¨ y 4‚Ç¨. Tened cuidado con esa cosas aqu√≠.",103.0,1.0,,,,,,,[''],2018-01-01,
101,"Yadiel es encantador, nos ha atendido muy bien y todo estaba riqu√≠simo.
Se va a convertir en mi cafeter√≠a favorita sin duda",2.0,5.0,Com√≠ all√≠,Brunch,10-20 ‚Ç¨,5.0,5.0,5.0,"['Cl√°sico', 'Gofres']",2024-07-01,20
102,"Excelente lugar para ir a disfrutar de una comida en familia o amigos. Muy buena calidad de comida y una atencion de todos. Nos recibi√≥ Yadiel, quien ha sido muy atentos con nosotros! Sin dudas volveremos.",1.0,4.0,,,,5.0,5.0,4.0,[''],2024-05-01,
103,"Hac√≠a mucho que no iba, y todo sigue con la misma calidad y ganas de hacerlo bien.
El restaurante muy cuidado con un ambiente muy acogedor. Un sitio al que hay que ir.
Si ademas tienes la suerte de que tu camarera sea Brenda, no podr√°s estar mejor atendido.",32.0,5.0,Com√≠ all√≠,Cena,20-30 ‚Ç¨,5.0,5.0,5.0,['Hamburguesa Completa Con Huevo'],2024-03-01,30
104,El sitio es genial!! Los camareros son muy amables y profesionales.  La est√©tica del local es estupenda. La comida es muy muy buena.  Recomiendo ir.,388.0,5.0,,,,,,,[''],2023-01-01,
105,"Agradable cafeter√≠a, que mantiene su estilo tradicional de anta√±o, pero con toques hip y lounge a√±adidos por el grupo Musa. Entre la comida destaca la hamburguesa vegetariana, a mi juicio.",182.0,4.0,,,,,,,[''],2022-01-01,
106,"Lo conocimos porque es del grupo de restaurantes ""la Musa"". Las hamburguesas est√°n muy ricas y son bastante grandes. Tambi√©n muy buenos los aros de cebolla y los postres. Para los amantes del verm√∫, lo tienen de varios sabores y es bastante artesanal.
Los camareros muy amables.
Buen ambiente.
Es un sitio un poco estrecho si vas un grupo grande, por ponerle alg√∫n ""pero"".
Volveremos.",60.0,5.0,Com√≠ all√≠,Cena,20-30 ‚Ç¨,5.0,5.0,4.0,['Aros de Cebolla'],2024-01-01,30
107,"Estupenda cafeter√≠a con aire retro, y enorme terraza, atendida de forma excepcional y con una de gran variedad de desayunos desde el t√≠pico caf√© con porras hasta un desayuno americano. Si vuelvo a Madrid y me alojo de nuevo cerca, sin duda, volver√©.",82.0,5.0,,,,,,,[''],2023-01-01,
108,"Ten√≠a las expectativas muy altas ya que en muchos sitios consideran que es el mejor gofre de Madrid, y sin embargo no se han cumplido. El gofre estaba bueno... pero dudo que sea el mejor, ademas la atenci√≥n recibida ha dejado mucho que desear. La camarera un poco antip√°tica, fuera los radiadores no iban y para servirnos dos gofres (estando el local casi vac√≠o) han tardado 30 minutos.",239.0,4.0,,,,,,,[''],2021-01-01,
109,"El lugar se encuentra ubicado en una calle c√©ntrica, fuimos una amiga y yo, por la recomendaci√≥n de un familiar. El precio de las hamburguesas es accesible y el tama√±o de estas te deja lleno y satisfecho. Dependiendo del tipo de hamburguesa puede o no tener patatas. En mi caso, ordene una Cheeseburguer y una raci√≥n de patatas y quede satisfecha.",46.0,4.0,,,,,,,[''],2021-01-01,
110,"Gran servicio, debo darle las felicitaciones a los cocineros, pedi de hamburguesa la Grandburguer, muy buena y buen servicio. üëçüèΩ",2.0,5.0,,,,5.0,4.0,4.0,[''],2024-09-02,
111,"Pedimos un men√∫ del d√≠a, y las raciones fueron rid√≠culamente peque√±as. En otras ocasiones al pedir de carta, buenas raciones y calidad del producto. Pero el men√∫ muy mejorable.",3.0,2.0,Com√≠ all√≠,Comida,20-30 ‚Ç¨,1.0,5.0,3.0,['Cl√°sico'],2024-05-01,30
112,"Estuvimos anoche compartiendo con unas amigas, la verdad que el ambiente es bueno la com√≠da estupenda la atenci√≥n de los camarero es incre√≠ble sabor de  las burguer 10/10",2.0,5.0,,Cena,,5.0,5.0,5.0,"['S√°ndwich de Pollo Frito', 'Croquetas', 'Hamburguesa Americana']",2024-05-01,
113,"Jabiel es un chico encantador, hemos recibido un servicio excelente y muy ameno. Somos regulares de esta cafeter√≠a y vecinos de la zona, la verdad que este chico es un fichaje!",38.0,5.0,Com√≠ all√≠,Cena,20-30 ‚Ç¨,4.0,5.0,5.0,['Eggburger'],2024-05-01,30
114,8/10 Las hamburguesas de HD est√°n riqu√≠simas y sobretodo la que lleva queso cheddar crujiente üòç un sitio muy recomendable para ir a cenar o comer con amigos/ pareja‚Ä¶,153.0,4.0,,,,,,,[''],2022-01-01,
115,"HD es una apuesta segura. La decoraci√≥n vintage contrasta con el esp√≠ritu moderno de quienes lo regentan. El servicio es siempre amable y cercano, adem√°s de 100% pet friendly! La carta no var√≠a, pero para los fieles est√° perfecta tal cual: una de mis hamburguesas preferidas en Madrid! Los batidos, la tarta de manzana... Desayuno, comida, merienda o cena, cualquier momento es bueno para sentarte en el sof√° de HD.",21.0,5.0,,,,,,,[''],2020-01-01,
116,"No puedo bajar la valoraci√≥n por su comida porque todo est√° magn√≠fico, desde sus hamburguesas, hasta su tartar de at√∫n o su risotto. Aconsejo probar tanto como desayuno o merienda o tanto como postre su tarta de zanahoria, es exquisita! Cada vez que puedo voy.",10.0,5.0,,,,,,,[''],2022-01-01,
117,"UN LOCAL CON AIRE OCHENTERO DONDE EL SERVICIO, LA CALIDAD Y VARIEDAD DE SUS PLATOS TE HACEN TRANSPORTARTE A LOS 70/80
LA DECORACI√ìN DEL LUGAR ES UNO DE LOS PUNTOS CLAVES PARA LOGRAR UNA ATM√ìSFERA ACOGEDORA
DESAYUNOS VARIADOS CON PAN DE TODAS LAS VARIEDADES Y LA OFERTA DE SUS S√ÅNDWICHES, BURGERS ETC NO TIENE NADA QUE ENVIDIAR A SU MEN√ö DIARIO

VOLVER√â MUCHAS M√ÅS VECES
100% RECOMENDABLE",35.0,5.0,,,,,,,[''],2019-01-01,
118,"Buen sitio para comer hamburguesas, s√°ndwich, nachos... ese tipo de comida. El precio un poco elevado para el tipo de comida.
La terraza est√° bien y el servicio bueno aunque la lista para esperar la tienen un poco desorganizada.

Fecha: 02/10/2022",272.0,4.0,,,,,,,[''],2023-01-01,
119,"La calidad de los platos es buena, la atenci√≥n puede mejorar",73.0,4.0,,,,,,,[''],2023-01-01,
120,"Me sent√© en la barra que mira frente a la calle. Un asiento de primera fila para ver pasar Madrid. Dos ni√±as de cinco a√±os devoraban un hot dog con gran maestr√≠a y a una sola mano.

No pude evitar pedir uno.

Cuando lleg√≥ me hizo sentir peque√±o. Intent√© atajarlo a mordidas, pero cuidado, la salchicha se resbala. Recurr√≠ a los cubiertos, pero ojo que tambi√©n resbala.

Termin√© matando al perrito con todos los recursos disponibles. Las manos llenas de queso cheddar, restos de cebolla caramelizada en las u√±as y catsup en la nariz.

Me sent√≠ como un ni√±o de cinco a√±os.",18.0,5.0,,,,,,,[''],2021-01-01,
121,Buen lugar para merendar o comer. Yo he ido siempre a merendar pero tiene una desde meriendas a comidas. Carta muy variada y buenos precios. Buen ambiente y buen servicio. Totalmente recomendable 100%,30.0,5.0,,,,,,,[''],2019-01-01,
122,"Local Craft , cocina Excelente. Hamburguesas de las mejores de Madrid,  +400 primeras marcas de bebidas y cocteler√≠a , ginebras artesanales, destilados a mano. No puedes perd√©rtelo, terraza de copeo... ambiente concurrido y buena m√∫sica ...",8.0,5.0,,,,,,,[''],2019-01-01,
123,"Un sitio muy agradable ya sea para tomar algo, cenar o merendar.
Todas las veces que hemos ido el trato ha sido agradable y la comida muy buena.
Seguiremos viniendo!",106.0,4.0,,,,,,,[''],2022-01-01,
124,Hamburguesas muy elaboradas le doy un 8 a la hamburguesa. Tardaron un poco en servir por eso le doy 4 puntos. Si te gustan las hamburguesas debes visitarlo.,31.0,4.0,,,,,,,[''],2020-01-01,
125,"Nos atendi√≥ Adri√°n y fue un servicio espectacular, nos recomend√≥ muy buenas opciones como el s√°ndwich de pollo frito y la hamburguesa americana y todo estaba riqu√≠simo!",27.0,5.0,Com√≠ all√≠,Cena,20-30 ‚Ç¨,5.0,5.0,4.0,"['Hamburguesa Francesa', 'Hamburguesa Mexicana']",2023-12-01,30
126,"Gran variedad de s√°ndwiches y Hamburguesa, muy buen sabor y buena calidad .
El cofre es una pasada.",286.0,4.0,,,,,,,[''],2022-01-01,
127,Gran variedad de cervezas. Hamburguesas muy ricas y carta completa y original. Suele estar lleno porque el sitio lo merece. Servicio atento y r√°pido,277.0,5.0,,,,,,,[''],2022-01-01,
128,"Local de est√©tica antigua, con una carta amplia en la que te puedes encontrar raciones, ensaladas, hamburguesas, ... Recomiendo la Burger, grande y con producto de calidad.
Los camareros son correctos, y el servicio r√°pido.
Se puede ir sin reserva, el local es bastante grande, y suele haber alguna mesita. La terraza tambi√©n es bastante amplia.",96.0,4.0,,,,,,,[''],2020-01-01,
129,"La comida espectacular y el precio razonable, por poner un pero, la incomodidad de las sillas del interior y lo peque√±as que son las mesas.

Por lo dem√°s todo genial ‚ù§Ô∏è",73.0,3.0,,,,,,,[''],2022-01-01,
130,"Sorprendido por la atenci√≥n amable y profesional, digno de menci√≥n. Comida muy recomendable. Un referente",43.0,5.0,,,,4.0,5.0,5.0,[''],2024-06-01,
131,"Llegar sin reserva (√©ramos 2) un viernes a cenar es una locura, pero Adri√°n no s√≥lo se preocup√≥ de encontrarnos mesa, sino que estuvo pendiente en todo momento de nosotros y hasta me rega√±√≥ (en plan bien, Adri√°n rega√±a bonito) por no terminar mi hamburguesa. Hac√≠a a√±os que no ven√≠a y cada vez es mejor. Enhorabuena.",153.0,5.0,,Cena,20-30 ‚Ç¨,5.0,5.0,5.0,"['Hamburguesa Completa Con Huevo', 'Gofres']",2023-11-01,30
132,"Yadiel nos trato super bien! Muy atento a nosotras. Fui con tres amigas y me lo pase super bien, a pesar de estar super atareado nos trato muy bien, atento y servicial!",7.0,5.0,Com√≠ all√≠,Cena,40-50 ‚Ç¨,5.0,5.0,5.0,[''],2024-05-01,50
133,"Somos clientes habituales, la comida est√° riqu√≠sima y el trato cada d√≠a mejora, Yadiel ayer estuvo cuidando de nuestros peques y siempre con una gran sonrisa.",4.0,5.0,Com√≠ all√≠,Comida,10-20 ‚Ç¨,5.0,5.0,5.0,[''],2024-05-01,20
134,"Cafeter√≠a muy agradable para tomar aperitivo, comer, merendar o cenar!! Entre semana tienen men√∫ y est√° muy bien! Muy recomendable el sitio!",24.0,5.0,Com√≠ all√≠,Comida,10-20 ‚Ç¨,5.0,4.0,5.0,[''],2024-04-01,20
135,"Sitio entra√±able para ir solo o acompa√±ado con buen servicio en general
La √∫nica pega es que las mesas son peque√±as est√°n muy pegadas unas con otras.
Aconsejo reservar.",62.0,4.0,,,,,,,[''],2023-01-01,
136,"Par√© para tomar un caf√© y estaba rico. El sitio tiene su encanto, con decoraci√≥n t√≠pica de la Espa√±a de los 70. El servicio fue agradable y el precio del caf√© con leche razonable (1.50‚Ç¨). Poco m√°s que a√±adir

Edit: He vuelto recientemente. 4‚Ç¨ por una Cocacola, un robo",93.0,2.0,,,,,,,[''],2024-09-16,
137,"El sitio nos gust√≥, buena atenci√≥n y la comida es buena, tardan un poco en atender para no ser hora pico y lo √∫nico que no me gust√≥ es que nos cobraron 4,3 por una cerveza  que dicen es ""medio litro"" y cuando la llevan a la mesa no llega ni a 300 ml",92.0,4.0,,,,4.0,4.0,4.0,[''],2024-03-01,
138,"Cafeter√≠a retro muy chula y con carta variada.
Servicio correcto",633.0,4.0,,,,,,,[''],2023-01-01,
139,"Buen servicio, atento y r√°pido. Calidad precio bien, hamburguesas geniales, con un queso endurecido muy peculiar.
Agradecidas con nuestra ya segunda visita.",16.0,5.0,,,,,,,[''],2022-01-01,
140,"Llevo a√±os pidiendo la famosa egg-burger.
Incre√≠ble el sabor de la carne.
El queso tostado al horno y el huevo potencian el sabor de la ternera.
Insisto: incre√≠ble el sabor de la carne.
No es barata, no es cara. Pero est√° tan buena que vale la pena el precio.
El sitio es genial, es una cafeter√≠a de hace 50 a√±os bien conservada.
La pega que le pongo es que las mesas son muuuuy peque√±as y justas de tama√±o.",24.0,5.0,Com√≠ all√≠,Cena,20-30 ‚Ç¨,5.0,5.0,5.0,['Hamburguesa Completa Con Huevo'],2024-01-01,30
141,"Un lugar ideal para tomar una cerveza üçª o vermut üç∏, ricas berenjenas fritas (palabra de cordob√©s) y sus hamburguesas üçî, todo un cl√°sico de Madrid.",224.0,5.0,Com√≠ all√≠,Comida,10-20 ‚Ç¨,5.0,5.0,5.0,"['Hamburguesa Completa Con Huevo', 'Hamburguesa Francesa', 'Hamburguesa Mexicana', 'Gran Burger', 'Hamburguesa Italiana', 'Hamburguesa Americana']",2024-05-01,20
142,"Hamburguesa muy buena, quiz√°s el pan un poco fr√≠o lo podr√≠an calentar un poco. Y el gofre muy muy rico, se nota que es casero.
Los precios un poco ajustados.",22.0,4.0,,,,,,,[''],2018-01-01,
143,"La hamburguesa italiana de las mejores q he probado.
Precio muy razonable y repetir√© pronto.",2.0,5.0,,,,5.0,5.0,5.0,[''],2024-06-01,
144,"Fui con unos amigos despu√©s de m√°s de 5 a√±os sin ir. Sus hamburguesas siguen estando buenas pero se han quedado un poco atr√°s con respecto a otros sitios con carne TOP. Sus nachos no los recomiendo. S√≠ su tarta de manzana, muy rica. Atenci√≥n desigual, unos mejor que otros pero en general, correcta.. De 20 a 30 ‚Ç¨ persona.",453.0,3.0,,,,,,,[''],2023-01-01,
145,"Me encanta este local, la comida est√° muy buena, en especial las hamburguesas.
La atenci√≥n del personal es buen√≠sima, son realmente majos y muy agradables!

Muy recomendable visitarlo, aparte que el sitio en si es bastante acogedor y merece la pena verlo!",131.0,5.0,,,,,,,[''],2019-01-01,
146,Me encant√≥ todo lo que prob√©. Diferentes tipos de hamburguesas y todas impresionantes.,37.0,5.0,,,,,,,[''],2023-01-01,
147,"Mejor a la carta o para merendar que comer de men√∫, pues tiene poqu√≠sima variedad y sin gracia.
13,20‚Ç¨ por ser terraza al menos la limonada la incluyeron como bebida y no me lo cobraron a parte.",512.0,3.0,,,,,,,[''],2018-01-01,
148,"Calidad precio muy bien,y la atenci√≥n bastante buena volver√≠a otra vez.",1.0,4.0,Com√≠ all√≠,Comida,30-40 ‚Ç¨,4.0,5.0,5.0,[''],2024-08-01,40
149,"Le pongo un 4 porque lo √∫nico que le falla a este sitio es la lentitud del servicio a pesar de que son siempre varios camareros. Ha pasado desde que lo conozco hace mil a√±os, pero por fin hoy me he animado a comentar a ver si se pudiera mejorar un poco el tiempo de espera hasta que te atienden. Tanto para tomar nota como para pedir cuenta.
Por lo dem√°s la comida est√° buen√≠sima y unos precios muy asequibles dada su calidad. El local ha mantenido su antigua est√©tica de cuando estaban los Hermanos Diez y se est√° muy a gusto.",31.0,4.0,,,,,,,[''],2023-01-01,
150,"¬°¬°Fenomenal!! Hemos ido a desayunar y al final tomamos el brunch de la carta, que de precio estaba muy muy bien (9'5‚Ç¨) y de cantidad generoso, adem√°s estaba riqu√≠simo lo recomiendo sin dudar.",44.0,5.0,,,,,,,[''],2019-01-01,
151,"Riqu√≠simas hamburguesas, la carne es de muy buena calidad.
Tambi√©n es muy recomendable su brunch o simplemente ir a tomar un aperitivo.
Los camareros son muy amables.
Se recomienda reservar mesa.",256.0,5.0,,,,,,,[''],2019-01-01,
152,"En nuestra #RutaDelGofre visitamos este m√≠tico lugar de Madrid. Aqu√≠ nos encontramos con un gofre de estilo americano, es decir, circular, crocante y de tama√±o m√°s que generoso. Nosotros lo acompa√±amos con una bola de helado de vainilla, aunque tambi√©n puedes pedirte el Gofre HD, que viene en la parte de postres con varios toppings. De sabor dulce y textura crocante pero algo seco para nuestro gusto, eso s√≠, la bola de helado ayuda a equilibrarlo y hac√≠a que cada bocado fuera una fiesta.",212.0,3.0,,,,,,,[''],2017-01-01,
153,"Ya no es lo que era, vamos q hasta he encontrado mesa sin reservar. Ya no hay la variedad de cervezas y gin t√≥nica de antes, uno de sus diferenciales y como siempre, dentro hay un ruido infernal.",18.0,3.0,Com√≠ all√≠,Cena,20-30 ‚Ç¨,4.0,4.0,3.0,['Hamburguesa Francesa'],2024-03-01,30
154,"Fuimos 4 adultos y 3 ni√±os peque√±os. El men√∫ me ha sorprendido gratamente:

- Las hamburguesas tienen una calidad brutal, la carne se nota que es de mucha calidad.
- Pedimos unas patatas bravas y la salsa es la aut√©ntica, hecha de forma casera.
- Tambi√©n me gusto que tuviesen Lagunitas IPA de barril, es una de mis favoritas.

A destacar tambien la amabilidad y paciencia del personal. Repetir√© seguro.",61.0,5.0,,,,5.0,5.0,4.0,[''],2023-11-01,
155,Comida excepcional y personal s√∫per atento. Volveremos sin duda. üòâ,3.0,5.0,,,,5.0,5.0,5.0,[''],2024-07-01,
156,"La comida ha estado muy buena! Recomend√°bamos la americana
Yadiel, muy buen t√≠o!",9.0,5.0,,,,5.0,5.0,5.0,[''],2024-06-01,
157,De esos sitios que tienen malas maneras los empleados. Caro y con las nueve bebidas que pedimos pusieron 6 aceitunas. Pro sobre todo las malas formas de los camareros. Les merece la pena recibir estas cr√≠ticas??,219.0,1.0,Com√≠ all√≠,Otro,10-20 ‚Ç¨,2.0,1.0,2.0,[''],2024-02-01,20
158,Un lugar de toda la vida con buenos platos y buen ambiente.,281.0,4.0,,,,4.0,4.0,5.0,[''],2024-08-01,
159,"¬°Las mejores hamburguesas siempre! Me encanta el lugar, la comida y la atenci√≥n!",2.0,5.0,,,,5.0,5.0,5.0,[''],2024-05-01,
160,El sitio genial como siempre . Jadeo es un camarero genial s√∫per simp√°tico y siempre atento,14.0,5.0,Recog√≠ el pedido,Otro,20-30 ‚Ç¨,5.0,5.0,5.0,['Cl√°sico'],2024-05-01,30
161,Excelente la comida y la atenci√≥n mucho mejor! S√∫per recomendado,2.0,5.0,,,,5.0,5.0,5.0,[''],2024-07-01,
162,"Buen√≠simo todo. Yadier un camarero espectacular , nos atendi√≥ genial
Repetiremos",3.0,5.0,Com√≠ all√≠,Cena,,5.0,5.0,3.0,[''],2024-05-01,
163,"Muy buena experiencia, rodeado de amigos y buena m√∫sica. Sin duda un ambiente que se agradece. El camarero Adri√°n muy servicial y agradable. Como punto a destacar, el ron brugal no est√° a 8‚Ç¨ sino a 12‚Ç¨, por lo dem√°s un 10 de sitio",2.0,5.0,,,,,,,[''],2023-01-01,
164,"Experiencia fenomenal. La comida muy rica y el servicio muy atento, nos ha atendido Adri√°n y nos ha hecho sentir muy a gusto, recomend√°ndonos los platos. Recomiendo el s√°ndwich de pollo frito.",4.0,5.0,Com√≠ all√≠,Cena,10-20 ‚Ç¨,5.0,5.0,5.0,[''],2023-12-01,20
165,"Un cl√°sico en Madrid, en el que retrocedes a los 60, donde te puedes tomar una buena hamburguesa y acabar con un gintonic. Servicio amable. Mejor reservar para poder sentarse.",59.0,4.0,,,,,,,[''],2018-01-01,
166,El desayuno por el precio que tiene no nos entusiasm√≥... Un t√© verde 3.20‚Ç¨?? Una pena.,504.0,2.0,,,,,,,[''],2023-01-01,
167,"Se est√° convirtiendo en un m√≠tico de las hamburguesas, el local es una antigua cafeter√≠a de la zona, mantiene el mobiliario. La comida y el trato genial. Las mesas son bastante inc√≥modas ya que son muy peque√±as.",63.0,4.0,,,,,,,[''],2017-01-01,
168,"excelente sitio, muy agradable, con ricas hamburguesas y  buenos desayunos,  pero la m√∫sica ambiental de dentro podr√≠a estar mucho mejor.  Es demasiado estridente y ruidosa, creo que seria mejor una m√∫sica ambiental a un volumen normal.  Se dificulta la comunicaci√≥n mucho.  Creo que seria una mejora a implementar",9.0,4.0,,,,4.0,4.0,3.0,[''],2023-11-01,
169,"El mejor bar/cafeter√≠a de Chamber√≠, ambiente aut√©ntico, conserva la est√©tica de los 60 con la que fue fundada esta casa. Comida para disfrutar, buen gusto por la m√∫sica, trato inmejorable.",1.0,5.0,,,,,,,[''],2023-12-01,
170,El local esta bastante bien. Aunque √∫ltimamente los platos est√°n un poco preparados a la carrera. Otras veces has estado mejor.,238.0,3.0,,,,,,,[''],2018-01-01,
171,"Un sitio muy chulo con un sal√≥n est√° decorado con estilo antiguo.
El caf√© estaba bien preparado y las tostadas ok, peor eso el precio est√° en otro escal√≥n habitual a una cafeter√≠a.",600.0,3.0,,,,,,,[''],2023-10-01,
172,Buen ambiente todo genial el Camrero y Adiel muy atento,1.0,5.0,,,,5.0,5.0,5.0,[''],2024-07-01,
173,"Un lugar fant√°stico para desayunar, aunque tal vez tengas que madrugar un poco m√°s para que la tortilla est√© en su punto.",531.0,4.0,Com√≠ all√≠,Desayuno,1-10 ‚Ç¨,4.0,5.0,5.0,[''],2024-03-01,10
174,Sitio brutal para comer hamburguesas. El pan de las hamburguesas es un lujo. Los aros de cebolla est√°n perfectos. Los postres tambi√©n est√°n muy bueno. El trato siempre es perfecto las veces que hemos ido. Muy recomendable para degustar hamburguesas en Madrid,282.0,5.0,,,,,,,[''],2023-01-01,
175,"Recomiendo las hamburguesas y sandwiches, tambien ir a desayunar, pero no hay que salirse de esto. Estuvimos ayer cenando y la verdad, es que fue un tanto decepcionante la comida. Pedimos una ensalada de Burrata y puerros, y bueno, una burrata en el medio del plato y 5 trocitos de puerro muy bien colocados alrededor de 4 can√≥nigos...y luego un postre que se hacia llamar Lemon Pie, pero bastante malo, muy industrial, extra dulce y parec√≠a hecho desde hace d√≠as ya que el merengue parec√≠a chicle. Eso si, lo comentamos al camarero y recibi√≥ muy bienla cr√≠ticica y nos di√≥ las gracias. COmo siempre el servicio muy bueno.",11.0,3.0,,,,,,,[''],2023-01-01,
176,"No es por la estupenda carta de cafeter√≠a (pese a sus precios) ni por el entorno retromoderno y actual a la vez, ni por la m√∫sica atemporal que no estorba las conversaciones. Lo m√°s agradable de todo es el trato amable y atento de su personal.",31.0,5.0,,,,,,,[''],2024-01-01,
177,Riqu√≠simo caf√©. Muy buenos desayunos y un personal atento y amable,11.0,5.0,,,,,,,[''],2021-01-01,
178,"Cafeter√≠a ambientada en los a√±os 70, muy agradable y con buen servicio. De la carta destacar√≠a sus hamburguesas. Buen sitio tambi√©n para tomar una copa tranquilamente. Los camareros siempre atentos y profesionales.",113.0,4.0,,,,,,,[''],2023-01-01,
179,"El ambiente es muy bueno y agradable... Tranquilo e ideal para trabajar mientras te tomas algo. Ponen un volumen adecuado de m√∫sica y el decorado est√° muy bien. Un punto que me llam√≥ la atenci√≥n, es la reproducci√≥n de pel√≠culas de Tim Burton, me pareci√≥ muy original . Merendamos.muy bien y el servicio muy bueno.",219.0,5.0,,,,,,,[''],2021-01-01,
180,"Sinceramente, he pasado por este lugar cientos de veces y siempre pens√© que era un buen lugar para parar a tomar una copa. Estaba MUY equivocado: ¬°la comida es divina!
Comimos el tataki de at√∫n y la ensalada buttata y compartimos papas fritas, y luego tambi√©n compartimos una tarta de lim√≥n.
¬°Todo fue absolutamente delicioso, cuidadosamente elaborado para ser agradable al paladar y a la vista! Mi √∫nica recomendaci√≥n ser√≠a servir los puerros calientes en lugar de fr√≠os (en la ensalada), ¬°pero todo estuvo perfecto!
Punto extra: la lista de ginebra es interminable. Ven aqu√≠ y prueba una ginebra nueva cada vez.
¬°Un saludo al personal que estaba muy ocupado y a√∫n as√≠ logr√≥ ser absolutamente encantador!",192.0,5.0,Com√≠ all√≠,Comida,20-30 ‚Ç¨,5.0,5.0,5.0,['Cheesburguer'],2024-03-01,30
181,"Buen lugar para tomar un desayuno completo!

Prob√© el 'Sueco Brunch' servido con bagel de salm√≥n, huevos revueltos y yogur con fresas. Se incluyen bebidas fr√≠as y calientes.

Estaba bueno y los ingredientes eran frescos. Notar√°s que los platos se preparan en el momento de pedirlos. Nada de sobras recalentadas.

Tambi√©n me gust√≥ que esta cafeter√≠a tambi√©n sea un buen lugar para almorzar solo.",65.0,4.0,,,,,,,[''],2023-01-01,
182,"Muy buen desayuno. El desayuno vegetariano tiene una buena combinaci√≥n de ingredientes frescos, no demasiado pesado pero que te mantiene lleno. El caf√© es genial. El resto del men√∫ tiene buena pinta, sirve para el brunch, el almuerzo y tambi√©n para la cena.
El servicio es bueno y r√°pido.
Tienes asientos interiores y exteriores.
Disfruta üòä",818.0,5.0,,,,,,,[''],2022-01-01,
183,"Gran lugar para desayunar y almorzar.
Nunca decepcionado",83.0,5.0,,,,5.0,5.0,5.0,[''],2024-07-01,
184,¬°Sin duda una de las mejores hamburguesas de la ciudad! Sus lados tambi√©n son geniales. El precio no es tan malo para la comida. El ambiente tambi√©n es acogedor y tienen una buena selecci√≥n de c√≥cteles.,251.0,5.0,,,,,,,[''],2022-01-01,
185,"¬°Gran lugar para un buen almuerzo! Es un producto fresco y sabroso, muy buena relaci√≥n calidad-precio. El personal es agradable y amigable. Buenas vibraciones tambi√©n en el interior.",209.0,5.0,,,,,,,[''],2022-01-01,
186,√âste era un lugar decente. Lamentablemente nos sirvieron pan mohoso dos veces. Desayunamos y almorzamos all√≠. La comida no era muy saludable pero estaba deliciosa (excepto el pan mohoso).,175.0,2.0,,,,,,,[''],2023-01-01,
187,"Lugar cl√°sico y acogedor. Buena variedad de platos y bebidas (batidos, batidos, caf√©, c√≥cteles y otros). El servicio es r√°pido y los camareros amables y preparados. Precios un poco altos",141.0,4.0,,,,,,,[''],2018-01-01,
188,"Me encanta este lugar. La comida es excelente, tienen opciones vegetarianas y la mejor parte es el men√∫ de bebidas con una gran selecci√≥n de licores. ¬°El mejor lugar para los amantes del gin tonic! Me encanta el ambiente y la camarera tambi√©n somos muy amables.
Tambi√©n aceptan tickets restaurantes :)",98.0,5.0,,,,,,,[''],2017-01-01,
189,"Incre√≠ble lugar, Yadel fue super amable y la hamburguesa y yuca frita fue la mejor.",6.0,5.0,,,,,,,[''],2024-05-01,
190,"¬°Gran lugar! Me encant√≥. El personal es servicial y profesional. La comida es estupenda (buen club de s√°ndwiches, s√°ndwich vegetariano, hamburguesas y berenjenas crujientes).
El ambiente tambi√©n es estupendo para tomar una copa y charlar con amigos.",126.0,5.0,,,,,,,[''],2023-10-01,
191,"Comimos patatas bravas, croquetas y guacamole con totopos y todos estaban muy buenos. La tarta de queso estaba bien y el personal fue muy agradable.",7.0,5.0,Com√≠ all√≠,Cena,10-20 ‚Ç¨,5.0,5.0,4.0,[''],2024-02-01,20
192,Excelente lugar para reuniones con caf√© fuerte y comida sabrosa.,172.0,5.0,Com√≠ all√≠,Brunch,,5.0,5.0,5.0,[''],2023-12-01,
193,"La hamburguesa italiana es mi favoritaüòç mi lugar favorito para ir con amigos... su ambiente es √∫nico y su equipo es el mejor!! Menci√≥n especial para Wilmar, siempre fue atento y muy amable, muy recomendable.‚Ä¶",18.0,5.0,,,,,,,[''],2023-01-01,
194,¬°Solo el ambiente salva este lugar!  c√≥ctel terrible con un servicio no hermoso muy malo,14.0,1.0,,,,,,,[''],2023-01-01,
195,"Cobraron precios m√°s altos debido a la tarifa de la terraza, pero nunca nos informaron de estos precios ni de la existencia de la tarifa hasta el momento del pago, ¬°y solo porque preguntamos de d√≥nde ven√≠an estos precios! Es muy malo enga√±ar a los clientes.",5.0,2.0,,,,,,,[''],2023-01-01,
196,"De las mejores hamburguesas de Madrid... Muy concretamente, recomiendo la Hamburguesa Mexicana o la Japonesa. Me gusta mucho el ambiente, creo que era un bar antiguo y lo renovaron con un toque muy bonito de estilo moderno/antiguo.
Tambi√©n es un buen lugar para tomar una copa.
Es una pena que la terraza est√© en una calle muy transitada y ruidosa.",7.0,4.0,,,,,,,[''],2014-01-01,
197,Hamburguesas muy ricas... ¬°no hay lugar ni siquiera para el almuerzo entre semana! Hacer una reserva,77.0,5.0,,,,,,,[''],2018-01-01,
198,Muy buenas opciones de brunch a un precio econ√≥mico. ¬°Me encant√≥ su panecillo!,28.0,5.0,,,,,,,[''],2022-01-01,
199,¬°Uno de los mejores Burger & Gin Bar de Madrid!,38.0,5.0,,,,,,,[''],2019-01-01,
200,"Uno de nuestros lugares favoritos para un almuerzo tard√≠o de fin de semana üòä EXCELENTES hamburguesas, aros de yuca y cebolla, adem√°s de postres!!! El restaurante tiene un aire retro, por su larga vida en el barrio, pero con un toque moderno que lo hace muy atractivo!! ¬°Cada experiencia que tuvimos aqu√≠ fue simplemente PERFECTA! Sin duda repetir√© y por supuesto lo recomiendo!!",69.0,5.0,,,,,,,[''],2019-01-01,
201,"¬°Me encantan sus opciones de desayuno! Excelente combinaci√≥n entre alimentos b√°sicos espa√±oles (croissant glaseado, baguette tostada con tomate) con alg√∫n plato internacional ocasional (huevos revueltos con tocino, panqueques). El personal siempre es amable y r√°pido. La decoraci√≥n de los a√±os 60 es una maravilla.",53.0,5.0,,,,,,,[''],2018-01-01,
202,Un lugar muy agradable para estar ya que es un sitio de pel√≠culas ic√≥nicas en Madrid. hamburguesas muy ricas,474.0,5.0,,,,,,,[''],2023-10-01,
203,"¬°¬°Un gran lugar!!

Comida amable y sabrosa.  Gran decoraci√≥n.",360.0,4.0,,Cena,10-20 ‚Ç¨,4.0,5.0,5.0,['Eggburger'],2024-02-01,20
204,"Un hallazgo de calidad por aqu√≠ en un barrio repleto de nuevos locales de comida congelada barata. Un bar amplio, decoraci√≥n de vieja escuela y comida de calidad. Men√∫ creativo con s√°ndwiches, ensaladas y hamburguesas (¬°s√°ndwich de pollo empanizado en panko con salsa tonkatsu!) y precios razonables. ¬°Definitivamente vale la pena repetir!",518.0,4.0,,,,,,,[''],2017-01-01,
205,¬øBuscas las mejores hamburguesas de Madrid? ¬°No busques m√°s! Si vas a Cafeteria HD podr√°s disfrutar de algunas de las mejores experiencias de hamburguesas de la ciudad. Utilizan dos tipos de aceite para fre√≠r sus deliciosas patatas fritas y sus hamburguesas siempre se presentan entre los mejores panecillos. La carne es incre√≠ble y los precios son razonables. Se encuentra cerca de la estaci√≥n de Metro Islas Filipinas.,74.0,4.0,,,,,,,[''],2013-01-01,
206,El lugar es muy bonito y el servicio fue perfecto. Conocido por sus hamburguesas pero con opciones vegetarianas. El men√∫ diario cuesta 12‚Ç¨ y definitivamente est√°n bien pagados all√≠.,33.0,5.0,,,,,,,[''],2018-01-01,
207,"La Hamburguesa Nacional en la Catalana en el bar HD Hermanos D√≠az ....

seguro que se pondr√° de moda y todos los catalanes que visiten Madrid har√°n una visita Arg√ºelles para probar la

En ""la tierra"" hemos visto el acto de investidura, un show y la b√∫squeda en el Congreso de Diputadas y Diputados
En los medios de comunicaci√≥n hemos visto en PS dejar su esca√±o de diputado y

la entrevista que le hizo JE en El HD un bar del barrio de Arg√ºelles (el pr√≥ximo lugar donde los catalanes nos tomaremos una de sus reconocidas hamburguesas para recordar lo que qued√≥ patente ..... que Catalu√±a es una naci√≥n)

En las nubes queda la memoria y la podemos revivir cuando queramos, la podemos compartir y todos pueden cooperar m√°s desde cualquier sitio a cualquier hora
La Hamburguesa Nacional en la Catalana en el bar HD Hermanos D√≠az ....

seguro que se pondr√° de moda y todos los catalanes que visiten Madrid har√°n una visita a Arg√ºelles para probar la

En ""la tierra"" hemos visto el acto de investidura, un show y la cercada en el Congreso de Diputadas y Diputados
En los medios de comunicaci√≥n hemos visto a PS dejar su esca√±o de diputado y

la entrevista que le hizo JE en L'HD un bar del barrio de Arg√ºelles (el pr√≥ximo lugar donde los catalanes nos tomaremos una de sus reconocidas hamburguesas para recordar lo que qued√≥ patente ..... que Catalunya es una naci√≥n )

En las nubes queda la memoria y la podemos revivir cuando queramos, la podemos compartir y todo el mundo puede cooperar m√°s desde cualquier sitio a cualquier hora",37.0,5.0,,,,,,,[''],2017-01-01,
208,Hamburguesas deliciosas y patatas fritas caseras muy buenas. Personal amable y terraza. ¬øQu√© m√°s se puede pedir?,87.0,5.0,,,,,,,[''],2018-01-01,
209,"¬°Ped√≠ un ""Desayuno Sueco"" y super√≥ mis expectativas! ¬°Desayuno incre√≠ble! (Si te gusta el Baguel de Salm√≥n)",25.0,5.0,,,,,,,[''],2022-01-01,
210,"Una de mis hamburguesas favoritas en Madrid. Buen pan, carne y rellenos. Buena selecci√≥n de cervezas y bebidas.",44.0,4.0,,,,,,,[''],2014-01-01,
211,"Ten√≠a una hamburguesa cl√°sica, estaba deliciosa y ten√≠a un precio razonable. El lugar tiene una decoraci√≥n y un ambiente geniales de los a√±os 70.",40.0,4.0,,,,,,,[''],2019-01-01,
212,"Ten√≠a una hamburguesa cl√°sica, era
sabroso y a un precio razonable.
El lugar tiene unos a√±os 70 geniales.
decoraci√≥n y ambiente.",33.0,5.0,,,,,,,[''],2019-01-01,
213,Excelentes hamburguesas y men√∫ de mediod√≠a. Desayunos demasiado caros. Buen ambiente especialmente la cena. Aconsejable reservar.,21.0,4.0,,,,,,,[''],2018-01-01,
214,"Lugar recomendado con variedad de opciones.
¬°La hamburguesa francesa con foie gras es simplemente perfecta!",64.0,5.0,,,,,,,[''],2022-01-01,
215,"Una de las mejores hamburguesas de Madrid, excelente comida, excelente servicio y excelentes c√≥cteles. Muy recomendable.",1.0,5.0,,,,,,,[''],2019-01-01,
216,La hamburguesa griega es realmente buena.,125.0,5.0,,,,,,,[''],2016-01-01,
217,Servicio y comida impresionantes. Me encantan los taburetes de la barra y la terraza exterior por igual. Volveremos pronto y a menudo.,117.0,5.0,,,,,,,[''],2017-01-01,
218,mu may yadiel,6.0,5.0,,,,,,,[''],2024-05-01,
219,Excelentes s√°ndwiches y hamburguesas. Un lugar realmente agradable. Se llena a la hora del almuerzo local.,7.0,5.0,,,,,,,[''],2019-01-01,
220,"Lugar particular, amueblado con atenci√≥n al detalle, el √∫nico defecto son las pocas alternativas veganas/vegetarianas. Aconsejado.",28.0,4.0,,,,,,,[''],2018-01-01,
221,Sin duda algunas de las mejores hamburguesas de Madrid. Gran ambiente antiguo en la decoraci√≥n.,61.0,5.0,,,,,,,[''],2016-01-01,
222,Un lugar muy agradable para relajarse y disfrutar de la m√∫sica jazz y funky. Los platos son muy sabrosos y los precios no son caros para la calidad.,20.0,5.0,,,,,,,[''],2017-01-01,
223,"¬°Muy buen lugar! El servicio es incre√≠ble, particularmente el camarero cubano, ¬°muy agradable persona!",6.0,5.0,,,,,,,[''],2022-01-01,
224,Una de las mejores hamburguesas y perritos calientes de la ciudad con un aut√©ntico ambiente vintage. Genial para una primera cita informal ;),397.0,5.0,,,,,,,[''],2017-01-01,
225,"Antigua cafeter√≠a reformada pero manteniendo ese aire vintage, y ofreciendo una amplia variedad de comida. Las hamburguesas son buenas.",171.0,3.0,,,,,,,[''],2017-01-01,
226,"Caf√© de lugare√±os, comida s√∫per concurrida, deliciosa, fresca y sin pretensiones. Precios asequibles y buen ambiente.",124.0,4.0,,,,,,,[''],2017-01-01,
227,"Comida sana, men√∫s econ√≥micos, buen ambiente, personal muy amable, simp√°tico y profesional.",28.0,5.0,,,,,,,[''],2017-01-01,
228,¬°Muy bien! Buena comida y buen servicio ‚ò∫Ô∏è,227.0,5.0,,,,,,,[''],2023-01-01,
229,Ten√≠an unas hamburguesas realmente buenas. La sangr√≠a tambi√©n estuvo bien.,164.0,5.0,,,,,,,[''],2017-01-01,
230,Una de las mejores hamburguesas que com√≠ en Madrid a precios razonables.,53.0,5.0,,,,,,,[''],2016-01-01,
231,"Gran servicio, buena comida, recomiendo la hamburguesa italiana.",21.0,5.0,,,,,,,[''],2018-01-01,
232,Los camareros son geniales para hacerte sentir a gusto. ¬°Churros espectaculares!,39.0,5.0,,,,,,,[''],2018-01-01,
233,Cafeter√≠a con buena comida y amplia carta de c√≥cteles. Fant√°stico pisco sour.,119.0,5.0,,,,,,,[''],2019-01-01,
234,"Buen ambiente, excelente caf√©, buen desayuno, WiFi r√°pido. Que es no gustar",534.0,5.0,,,,,,,[''],2019-01-01,
235,"Lugar especial y diferente a lo que puedes encontrar alrededor, muy lindo ambiente, digno de visitar.",17.0,5.0,,,,,,,[''],2019-01-01,
236,"¬°Entrar en este lugar es como pasar por una m√°quina del tiempo! La comida era buena, pero parec√≠a un poco cara.",356.0,4.0,,,,,,,[''],2017-01-01,
237,jugando es el mejor,21.0,5.0,,,,,,,[''],2024-05-01,
238,"El ambiente de los a√±os 60 es bastante agradable, la comida es simplemente mediocre.",145.0,3.0,,,,,,,[''],2018-01-01,
239,"Bonita decoraci√≥n. La comida y el servicio est√°n bien, nada especial.",53.0,3.0,,,,,,,[''],2020-01-01,
240,"Gran ambiente, buena m√∫sica y muy buen verm√∫!",98.0,4.0,,,,,,,[''],2018-01-01,
241,"Buena comida, caf√© y amplia carta de c√≥cteles.",672.0,4.0,Com√≠ all√≠,Desayuno,10-20 ‚Ç¨,4.0,3.0,4.0,[''],2023-12-01,20
242,"Una hamburguesa y una taza de caf√© para almorzar, sienta bien, lo recomiendo.",195.0,5.0,,,,,,,[''],2016-01-01,
243,¬°Suuuuper!,12.0,5.0,,,,5.0,5.0,5.0,[''],2024-05-01,
244,"Excelente ubicaci√≥n, men√∫ incre√≠ble, toneladas de excelentes opciones.",76.0,5.0,,,,,,,[''],2018-01-01,
245,S√∫per hamburguesas y una gran selecci√≥n de bebidas.,85.0,5.0,,,,,,,[''],2018-01-01,
246,"Bonito lugar para pasar el rato. Buenas hamburguesas, bebidas y cervezas.",12.0,4.0,,,,,,,[''],2016-01-01,
247,Las hamburguesas y la cordialidad del personal,205.0,5.0,,,,,,,[''],2019-01-01,
248,¬°¬°Debes probar la HD Burger!!,204.0,4.0,,,,,,,[''],2023-01-01,
249,¬°Bonito lugar! ¬°Estoy deseando volver otra vez!,137.0,5.0,,,,,,,[''],2017-01-01,
250,¬°Tienen buenas hamburguesas!,38.0,4.0,,,,,,,[''],2022-01-01,
251,Amplia selecci√≥n de cervezas y nachos incre√≠bles.,35.0,5.0,,,,,,,[''],2021-01-01,
252,Un bonito y peque√±o lugar para tomar una copa de vino o una cerveza.,52.0,4.0,,,,,,,[''],2016-01-01,
253,S√∫per retro. buenos gin tonics,17.0,5.0,,,,,,,[''],2022-01-01,
254,Decepcionante y de mal gusto. El personal fue agradable,52.0,2.0,,,,,,,[''],2021-01-01,
255,,29.0,5.0,,,,,,,[''],2020-01-01,
256,Es genial a cualquier hora del d√≠a.,46.0,5.0,,,,,,,[''],2019-01-01,
257,,6.0,4.0,,,,,,,[''],2019-01-01,
258,"Buen lugar, buen personal.",83.0,4.0,,,,,,,[''],2023-01-01,
259,Muy buenos bocadillos y hamburguesas.,336.0,4.0,,,,5.0,4.0,4.0,[''],2024-08-01,
260,Buen sitio y gin tonics ;),128.0,4.0,,,,,,,[''],2019-01-01,
261,Cerveza barata y tapas deliciosas.,90.0,4.0,,,,,,,[''],2019-01-01,
262,,12.0,3.0,,,,,,,[''],2019-01-01,
263,,31.0,4.0,,,,,,,[''],2017-01-01,
264,Muy buenas hamburguesas!!,29.0,5.0,,,,,,,[''],2016-01-01,
265,,44.0,5.0,,,,,,,[''],2022-01-01,
266,Carete pero est√° bien,143.0,3.0,,,,,,,[''],2017-01-01,
267,,5.0,5.0,,,,,,,[''],2020-01-01,
268,Desayunos encantadores!!,53.0,5.0,,,,,,,[''],2023-01-01,
269,Buena relaci√≥n calidad-precio,41.0,4.0,,,,,,,[''],2022-01-01,
270,,9.0,5.0,,,,,,,[''],2020-01-01,
271,Bonito y acogedor lugar.,23.0,5.0,,,,,,,[''],2018-01-01,
272,Grandes hamburguesas.,64.0,5.0,,,,,,,[''],2021-01-01,
273,¬°Excelente!,107.0,5.0,,,,,,,[''],2022-01-01,
274,Buena hamburguesa üòé‚Ä¶,26.0,5.0,,,,,,,[''],2019-01-01,
275,buena hamburguesa,12.0,4.0,,,,,,,[''],2023-01-01,
276,R√°pido bueno popular,148.0,2.0,,,,,,,[''],2020-01-01,
277,primavera,47.0,5.0,,,,,,,[''],2015-01-01,
278,¬°S√≠!,79.0,5.0,,,,,,,[''],2020-01-01,
279,¬°Buena comida!,42.0,5.0,,,,,,,[''],2019-01-01,
280,¬°Grandes huevos!,31.0,5.0,,,,,,,[''],2018-01-01,
281,Buenas hamburguesas üôä‚Ä¶,255.0,5.0,,,,,,,[''],2018-01-01,
282,Bien,41.0,4.0,,,,,,,[''],2020-01-01,
283,mejor,168.0,5.0,,,,,,,[''],2018-01-01,
284,Estimado,79.0,1.0,,,,,,,[''],2012-01-01,
285,Bonito lugar,142.0,5.0,,,,,,,[''],2019-01-01,
286,Precioso lugar,9.0,5.0,,,,,,,[''],2018-01-01,
287,,47.0,3.0,Com√≠ all√≠,Comida,,,,,[''],2022-01-01,
288,,2.0,5.0,Com√≠ all√≠,Otro,,,,,[''],2022-01-01,
289,,21.0,4.0,Com√≠ all√≠,Cena,,,,,[''],2022-01-01,
290,Conseguir. Una hamburguesa.,8.0,5.0,,,,,,,[''],2019-01-01,
291,,12.0,4.0,Com√≠ all√≠,Comida,20-30 ‚Ç¨,4.0,4.0,5.0,[''],,30
292,,2.0,5.0,Com√≠ all√≠,Cena,30-40 ‚Ç¨,5.0,5.0,5.0,['Hamburguesa Completa Con Huevo'],2024-09-09,40
293,,1.0,5.0,,,,5.0,5.0,5.0,[''],2024-09-02,
294,,3.0,5.0,,,,5.0,5.0,5.0,[''],2024-09-02,
295,,1.0,5.0,Com√≠ all√≠,,,5.0,5.0,5.0,[''],2024-09-02,
296,,1.0,5.0,,,,5.0,5.0,5.0,[''],2024-09-02,
297,,3.0,2.0,,,,,,,[''],2024-08-26,
298,,67.0,4.0,Com√≠ all√≠,Desayuno,1-10 ‚Ç¨,4.0,4.0,5.0,[''],2024-08-01,10
299,,15.0,5.0,,,,5.0,5.0,5.0,[''],2024-08-01,
300,,2.0,5.0,,,,,,,[''],2024-08-01,
301,,190.0,5.0,Com√≠ all√≠,Cena,10-20 ‚Ç¨,5.0,5.0,4.0,['Croquetas'],2024-08-01,20
302,,124.0,3.0,,,,3.0,4.0,4.0,[''],2024-08-01,
303,,15.0,5.0,,,,5.0,5.0,5.0,[''],2024-08-01,
304,,3.0,3.0,,Otro,10-20 ‚Ç¨,,3.0,3.0,[''],2024-08-01,20
305,,106.0,4.0,Com√≠ all√≠,,,4.0,3.0,4.0,[''],2024-07-01,
306,,24.0,4.0,,,,4.0,4.0,4.0,[''],2024-07-01,
307,,541.0,5.0,,,,5.0,5.0,5.0,[''],2024-07-01,
308,,13.0,1.0,,,,1.0,1.0,1.0,[''],2024-07-01,
309,,21.0,5.0,,,,,,,[''],2024-07-01,
310,,8.0,4.0,Com√≠ all√≠,Comida,30-40 ‚Ç¨,,,,[''],2024-07-01,40
311,,15.0,5.0,,,,5.0,5.0,5.0,[''],2024-06-01,
312,,7.0,5.0,,,,5.0,4.0,5.0,[''],2024-06-01,
313,,2.0,4.0,,,,,,,[''],2024-06-01,
314,,18.0,5.0,Com√≠ all√≠,Comida,10-20 ‚Ç¨,5.0,5.0,5.0,[''],2024-06-01,20
315,,5.0,5.0,,,,,,,[''],2024-05-01,
316,,6.0,5.0,,,,5.0,5.0,,[''],2024-05-01,
317,,3.0,5.0,,,,5.0,5.0,5.0,[''],2024-05-01,
318,,2.0,4.0,Com√≠ all√≠,Comida,,4.0,5.0,5.0,[''],2024-05-01,
319,,264.0,5.0,Com√≠ all√≠,Desayuno,1-10 ‚Ç¨,5.0,5.0,5.0,[''],2024-05-01,10
320,,33.0,5.0,Com√≠ all√≠,Desayuno,1-10 ‚Ç¨,5.0,5.0,5.0,[''],2024-05-01,10
321,,8.0,4.0,,,,4.0,4.0,4.0,[''],2024-05-01,
322,,2.0,5.0,,,,5.0,5.0,5.0,[''],2024-04-01,
323,,1.0,4.0,,,,,,,[''],2024-04-01,
324,,13.0,5.0,,,,4.0,5.0,5.0,[''],2024-04-01,
325,,146.0,5.0,,,,,,,[''],2024-03-01,
326,,96.0,3.0,Com√≠ all√≠,Comida,20-30 ‚Ç¨,3.0,2.0,4.0,[''],2024-03-01,30
327,,54.0,3.0,,,,4.0,3.0,3.0,[''],2024-03-01,
328,,59.0,3.0,Com√≠ all√≠,Cena,20-30 ‚Ç¨,2.0,5.0,2.0,[''],2024-03-01,30
329,,38.0,4.0,Com√≠ all√≠,Comida,20-30 ‚Ç¨,4.0,5.0,4.0,['Cl√°sico'],2024-02-01,30
330,,39.0,5.0,,,,5.0,5.0,5.0,[''],2024-02-01,
331,,7.0,4.0,,,,4.0,4.0,4.0,[''],2024-02-01,
332,,13.0,5.0,,,,5.0,5.0,5.0,[''],2024-02-01,
333,,19.0,5.0,,,,,,,[''],2024-01-01,
334,,2.0,5.0,,,,,,,[''],2024-01-01,
335,,5.0,1.0,,,,,,,[''],2024-01-01,
336,,55.0,5.0,,,,,,,[''],2024-01-01,
337,,16.0,4.0,,,,4.0,4.0,4.0,[''],2024-01-01,
338,,12.0,5.0,Com√≠ all√≠,Comida,20-30 ‚Ç¨,5.0,5.0,5.0,[''],2023-12-01,30
339,,12.0,5.0,Com√≠ all√≠,Cena,20-30 ‚Ç¨,5.0,5.0,5.0,[''],2023-12-01,30
340,,22.0,4.0,,,,,,,[''],2023-12-01,
341,,24.0,4.0,,,,4.0,4.0,4.0,[''],2023-12-01,
342,,152.0,5.0,,,,5.0,4.0,5.0,[''],2023-12-01,
343,,33.0,5.0,,,,,,,[''],2023-12-01,
344,,10.0,5.0,,,,,,,[''],2023-11-01,
345,,5.0,5.0,,,,5.0,5.0,5.0,[''],2023-11-01,
346,,348.0,4.0,,,,2.0,4.0,3.0,[''],2023-11-01,
347,,14.0,5.0,,Otro,1-10 ‚Ç¨,,5.0,5.0,[''],2023-11-01,10
348,,134.0,4.0,,Otro,1-10 ‚Ç¨,4.0,4.0,4.0,[''],2023-11-01,10
349,,56.0,5.0,,,,,,,[''],2023-10-01,
350,,3.0,4.0,,,,,,,[''],2023-01-01,
351,,106.0,5.0,,,,,,,[''],2023-01-01,
352,,18.0,5.0,,,,,,,[''],2023-01-01,
353,,9.0,4.0,,,,,,,[''],2023-01-01,
354,,1.0,5.0,,,,,,,[''],2023-01-01,
355,,81.0,1.0,,,,,,,[''],2023-01-01,
356,,30.0,4.0,,,,,,,[''],2023-01-01,
357,,51.0,5.0,,,,,,,[''],2023-01-01,
358,,2.0,5.0,,,,,,,[''],2023-01-01,
359,,12.0,1.0,,,,,,,[''],2022-01-01,
